CID,MolWt,MolLogP,TPSA,NumHDonors,NumHAcceptors,NumRotatableBonds,RingCount,NumAromaticRings,NumAliphaticRings,NumSaturatedRings,FractionCSP3,NumHeteroatoms,HeavyAtomCount,NumValenceElectrons,qed,BalabanJ,BertzCT,HallKierAlpha,LabuteASA,Chi0,Chi1,Kappa1,Kappa2,MaxPartialCharge,MinPartialCharge,pleas,edible
16741,163.245,2.3319,12.36,0.0,2.0,3.0,1.0,1.0,0.0,0.0,0.2222222222222222,2.0,11.0,56.0,0.4918366976623542,2.4484927862349917,249.5250600730738,-0.98,71.7803321957518,7.9413112998685556,5.431851652578137,8.119800399201598,4.777405278638739,0.05845584709009505,-0.23218960958503698,21.327272727272728,26.428571428571427
17121,170.25199999999998,2.684400000000001,26.3,0.0,2.0,6.0,0.0,0.0,0.0,0.0,0.7,2.0,12.0,70.0,0.34782535823692895,3.527709652400131,140.7740056622918,-0.79,74.60919435476539,9.397341225498538,5.701907262607799,11.21,6.891817639246214,0.3027177351831812,-0.45833314101559747,34.08,25.4
520191,154.23399999999998,2.56754,17.07,0.0,2.0,1.0,1.0,1.0,0.0,0.0,0.375,2.0,10.0,54.0,0.5680551217776018,3.1490468385975374,260.2213494932634,-0.6300000000000001,64.69305694753865,7.723614639131599,4.6090609052806215,7.476723585912486,2.5433001635181633,0.160415417582372,-0.2944688591695373,27.654545454545456,33.833333333333336
92979,270.41599999999994,4.684400000000005,17.07,0.0,1.0,0.0,4.0,0.0,4.0,2.0,0.7368421052631579,1.0,20.0,108.0,0.5838426993952915,1.6985318098146727,513.859291200017,-0.8500000000000001,122.06720050852684,13.957819157813608,9.528440544667594,12.85803418106589,4.084964388813322,0.1551972904372605,-0.29486596342184473,29.166666666666668,1.0
62580,222.23999999999995,2.1144999999999996,44.760000000000005,0.0,4.0,3.0,2.0,1.0,1.0,0.0,0.4166666666666667,4.0,16.0,86.0,0.734640003667697,1.9777741423516102,398.00527574751527,-1.71,94.11738244091178,11.543605595440512,7.664703797946449,10.796107985957985,4.428711845919409,0.30819897725888773,-0.460609864096211,48.275862068965516,4.5
24197,190.19499999999996,-0.1363999999999998,72.83000000000001,1.0,5.0,5.0,0.0,0.0,0.0,0.0,0.75,5.0,13.0,76.0,0.6108602902945158,3.777154537608688,177.3731996568919,-1.1,76.63821423990309,10.267584713501616,6.112590865130759,11.9,6.419740400216335,0.33505948901460053,-0.4658860107107757,41.4375,23.6
7476,150.17699999999996,1.8978,26.3,0.0,2.0,2.0,1.0,1.0,0.0,0.0,0.2222222222222222,2.0,11.0,58.0,0.6016592633823299,2.9138015626758045,248.77017257091032,-1.31,65.80129679223742,8.267584713501616,5.236382105218448,7.793199174406604,3.191164645691246,0.15930305126923566,-0.49676778972374963,68.8125,32.54545454545455
61252,102.15799999999999,0.6923999999999999,17.07,0.0,2.0,0.0,1.0,0.0,1.0,1.0,0.75,2.0,6.0,34.0,0.44740780364369315,2.3673518510178746,61.94833690207419,0.019999999999999962,41.112878342899144,4.405777393935816,2.893846850117352,4.18611295681063,1.6461962159398054,0.14306567247197066,-0.2987493036337664,21.4,26.875
24834,150.17699999999996,1.8978,26.3,0.0,2.0,3.0,1.0,1.0,0.0,0.0,0.2222222222222222,2.0,11.0,58.0,0.6149207423202788,2.7386001835586375,225.8229784140701,-1.31,65.80129679223742,8.104448006685086,5.363703305156274,7.793199174406604,3.7604813030666033,0.14955258132185154,-0.4938893382807438,67.37735849056604,36.55
7500,106.16799999999996,2.2490000000000006,0.0,0.0,0.0,1.0,1.0,1.0,0.0,0.0,0.25,0.0,8.0,42.0,0.5147578217927745,2.8320858350070908,141.38429890473827,-0.78,50.16128734829017,5.819990956308912,3.931851652578137,5.358504155124653,2.50834780755501,-0.03074408282510195,-0.06224874165506165,35.236363636363635,18.25
244,108.13999999999997,1.1788999999999998,20.23,1.0,1.0,1.0,1.0,1.0,0.0,0.0,0.14285714285714285,1.0,8.0,42.0,0.5723436119287516,2.8320858350070903,145.73281445033504,-0.8200000000000001,48.59057898608958,5.819990956308912,3.931851652578137,5.319275766016713,2.4782287289052554,0.06813693972174786,-0.3916804684282009,52.354166666666664,38.0
240,106.12399999999997,1.4990999999999999,17.07,0.0,1.0,1.0,1.0,1.0,0.0,0.0,0.0,1.0,8.0,40.0,0.4956362681365689,2.9910469146846217,167.00151696675914,-1.11,47.95786733393734,5.819990956308912,3.931851652578137,5.035137880986937,2.262450086021194,0.14954802883036308,-0.2978964116504968,61.50909090909091,34.42307692307692
7519,108.13999999999997,1.6952,9.23,0.0,1.0,1.0,1.0,1.0,0.0,0.0,0.14285714285714285,1.0,8.0,42.0,0.5316253154127668,2.8320858350070908,145.73281445033504,-0.9800000000000001,48.90989046340045,5.819990956308912,3.931851652578137,5.162450142450142,2.3586048594225155,0.11835771513702233,-0.4967685686134766,29.296296296296298,2.5
7559,150.177,1.4021,26.3,0.0,2.0,2.0,1.0,1.0,0.0,0.0,0.2222222222222222,2.0,11.0,58.0,0.5955313782679573,2.57930229200732,228.57786591623355,-1.31,65.80129679223742,8.104448006685086,5.325698502695489,7.793199174406604,3.7604813030666033,0.30947665547201986,-0.468751659799673,42.89090909090909,35.4
7583,170.21099999999998,3.478900000000001,9.23,0.0,1.0,2.0,2.0,2.0,0.0,0.0,0.0,1.0,13.0,64.0,0.6700363845267113,2.1614757505786617,315.89864866417315,-1.7599999999999993,77.60204255506788,8.932875131431278,6.449489742783179,7.866895638429664,3.7642110484220974,0.1269277489093993,-0.45738459774589524,49.924528301886795,45.166666666666664
7593,210.27599999999998,3.0409000000000015,17.07,0.0,1.0,4.0,2.0,2.0,0.0,0.0,0.13333333333333333,1.0,16.0,80.0,0.7576756860336602,1.9521941477943934,401.875872027439,-1.8899999999999997,95.7448457687946,11.217332181807452,7.84333659290053,10.621930817508138,5.264651209596264,0.1411207371618759,-0.29896652156971787,32.68518518518518,41.166666666666664
60998,192.258,2.4283,26.3,0.0,2.0,4.0,1.0,1.0,0.0,0.0,0.4166666666666667,2.0,14.0,76.0,0.6847362487409066,2.345166078016039,277.63302033025855,-1.31,84.89612313542727,10.38890505706126,6.6815405503520555,10.76880220646178,5.426552817271863,0.30976211771485357,-0.4651579717608853,45.52,38.0
60999,226.27499999999998,2.972500000000001,26.3,0.0,2.0,4.0,2.0,2.0,0.0,0.0,0.13333333333333333,2.0,17.0,86.0,0.7490673049774552,1.8256631842294238,462.7951975036603,-2.0899999999999994,100.85839099830149,11.924438962994,8.34333659290053,11.397026134198455,5.8484003505478315,0.31009008983866226,-0.4605569705841003,31.0,25.75
7601,240.302,3.0150000000000015,26.3,0.0,2.0,5.0,2.0,2.0,0.0,0.0,0.1875,2.0,18.0,92.0,0.7508647555172763,1.7257772363989232,476.9648515208871,-2.0899999999999994,107.2233331126981,12.631545744180547,8.843336592900531,12.369104292002639,6.598175119577173,0.3097636367999555,-0.46507744008012797,53.35,17.75
5541,218.20499999999998,0.044299999999999784,78.9,0.0,6.0,5.0,0.0,0.0,0.0,0.0,0.6666666666666666,6.0,15.0,86.0,0.47869816055379727,3.9922055468289943,228.98712426015686,-1.59,87.48398993165434,11.844934982691242,6.913591357920934,13.41,6.803584654107227,0.3026525572077403,-0.4617825808264809,38.91304347826087,21.0
7632,164.248,2.390100000000001,20.23,1.0,1.0,3.0,1.0,1.0,0.0,0.0,0.45454545454545453,1.0,12.0,66.0,0.7269011701231713,2.4419972385383093,220.50947032352076,-0.8200000000000001,74.05034744367602,9.02709773749546,5.5782982619848624,9.269445438282649,3.722970519770657,0.05944881197392998,-0.3904597985279948,64.26190476190476,27.0
7635,172.26799999999997,2.765900000000001,26.3,0.0,2.0,6.0,0.0,0.0,0.0,0.0,0.9,2.0,12.0,72.0,0.5757551591270549,3.4534663383425372,121.0069869280358,-0.53,75.29879738694964,9.397341225498538,5.701907262607799,11.47,7.137067494977612,0.3021330276670788,-0.4655823930738598,42.020833333333336,31.25
637758,176.215,2.2629,26.3,0.0,2.0,3.0,1.0,1.0,0.0,0.0,0.18181818181818182,2.0,13.0,68.0,0.5212885510191556,2.538214333042918,288.21840549259923,-1.5699999999999998,77.8415779888464,9.518661569058182,6.325698502695489,9.517489063867016,5.142279384736165,0.3302508283772095,-0.4628248565077515,54.765957446808514,44.7
7654,164.204,1.7922,26.3,0.0,2.0,3.0,1.0,1.0,0.0,0.0,0.3,2.0,12.0,64.0,0.6365051962344709,2.290572056240154,241.27530899395387,-1.31,72.16623890663404,8.811554787871634,5.787693700234704,8.783545369504209,4.544018446795469,0.30213420501848814,-0.4655238949458538,54.851851851851855,18.166666666666668
7657,198.26500000000001,3.403400000000002,9.23,0.0,1.0,4.0,2.0,2.0,0.0,0.0,0.14285714285714285,1.0,15.0,76.0,0.7312006902877913,1.8095807579695855,341.09815896246135,-1.5999999999999996,90.3319267838611,10.347088693804373,7.449489742783179,9.936265432098764,5.322711058263973,0.07209664108064082,-0.3720967403051906,49.24242424242424,28.2
61005,208.257,2.2646000000000006,35.53,0.0,3.0,5.0,1.0,1.0,0.0,0.0,0.4166666666666667,3.0,15.0,82.0,0.5497152367323349,2.1506208306773735,292.9953583850857,-1.5099999999999998,90.00966836493414,11.096011838247808,7.198377302757663,11.564128984432914,6.064027811846199,0.30798655808894715,-0.49004432066179227,55.08695652173913,27.666666666666668
7695,180.203,1.7583,35.53,0.0,3.0,3.0,1.0,1.0,0.0,0.0,0.3,3.0,13.0,70.0,0.6646941536874358,2.5375612644950314,276.7262618127396,-1.51,77.2797841361409,9.681798275874712,6.219545352812841,9.577032201914708,4.499571342364573,0.3024607201804532,-0.49676818326892164,69.8125,24.285714285714285
5315892,134.17799999999997,1.6921000000000002,20.23,1.0,1.0,2.0,1.0,1.0,0.0,0.0,0.1111111111111111,1.0,10.0,52.0,0.6522100515394804,2.670645480960163,201.22806798157623,-1.08,60.63086018269854,7.234204518682008,4.931851652578137,7.032107623318386,3.854020551508844,0.06151738150453169,-0.3922954491931638,47.37735849056604,28.285714285714285
7720,130.231,2.1951000000000005,20.23,1.0,1.0,5.0,0.0,0.0,0.0,0.0,1.0,1.0,9.0,56.0,0.6045431522728564,3.0922461946023914,48.52932501298081,-0.04,58.088079580801804,7.112884175122364,4.346065214951232,8.960000000000003,6.08562814070352,0.04586624595496409,-0.39608835141769533,19.35185185185185,33.0
7731,122.16699999999999,2.0036199999999997,9.23,0.0,1.0,1.0,1.0,1.0,0.0,0.0,0.25,1.0,9.0,48.0,0.5532379862472909,2.8815558776461367,176.26405299160078,-0.98,55.274832577797056,6.69023444431199,4.325698502695489,6.144688279301746,2.533930223385564,0.11837738457272942,-0.4967682217545404,47.69230769230769,19.142857142857142
5363233,154.253,3.102000000000002,17.07,0.0,1.0,6.0,0.0,0.0,0.0,0.0,0.7,1.0,11.0,64.0,0.4241489242199444,3.071758115592961,124.83446685613664,-0.5900000000000001,69.49564912525852,8.52709773749546,5.270055610029662,10.41,7.516269925611053,0.15179556703436492,-0.29519325755752623,33.86,27.333333333333332
61523,164.24799999999996,2.3917000000000006,20.23,1.0,1.0,5.0,1.0,1.0,0.0,0.0,0.45454545454545453,1.0,12.0,66.0,0.6624058097657797,2.157795777203053,193.41890295110636,-0.8200000000000001,74.05034744367605,8.648418081055103,5.931851652578137,9.269445438282649,5.7828052124535905,0.0430525967763264,-0.396376567778811,53.58,15.6
7749,102.133,0.9595,26.3,0.0,2.0,2.0,0.0,0.0,0.0,0.0,0.8,2.0,7.0,42.0,0.485245073645189,3.002590528674132,59.10049400592804,-0.53,43.47408681496662,5.698670612749268,3.308060412490447,6.47,3.6528153564899446,0.3049863197839511,-0.4659767306979967,39.94444444444444,31.916666666666668
7761,160.16899999999998,0.5027,52.60000000000001,0.0,4.0,4.0,0.0,0.0,0.0,0.0,0.7142857142857143,4.0,11.0,64.0,0.4436597598743995,3.4899621428296506,125.3759999531186,-1.06,65.47903837331047,8.69023444431199,5.201907262607799,9.94,5.704344619021978,0.31663483164927114,-0.4655452094859223,71.7090909090909,39.93103448275862
7762,116.15999999999998,1.3496000000000001,26.3,0.0,2.0,3.0,0.0,0.0,0.0,0.0,0.8333333333333334,2.0,8.0,48.0,0.5200986676423002,3.0551722039096187,60.92878689342031,-0.53,49.83902892936323,6.405777393935816,3.808060412490447,7.470000000000001,4.624559505409582,0.30525680561770935,-0.4659693345182679,61.127272727272725,44.15384615384615
7765,118.176,1.4054,18.46,0.0,2.0,4.0,0.0,0.0,0.0,0.0,1.0,2.0,8.0,50.0,0.5194244977918702,2.919612641438553,39.79319390447952,-0.08,50.791052058826345,6.405777393935816,3.808060412490447,7.919999999999998,5.0645086705202305,0.15425517138581354,-0.3532616030064746,42.54761904761905,31.2
7770,130.18699999999998,1.7397,26.3,0.0,2.0,4.0,0.0,0.0,0.0,0.0,0.8571428571428571,2.0,9.0,54.0,0.5416729314973412,3.061316839372158,78.98533616859814,-0.53,56.20397104375982,7.112884175122364,4.308060412490447,8.470000000000002,5.603868808567606,0.30526672491010765,-0.46568618435369896,42.45454545454545,24.8
235414,240.38699999999992,4.614500000000005,26.3,0.0,2.0,0.0,1.0,0.0,1.0,1.0,0.9333333333333333,2.0,17.0,100.0,0.577687148559785,2.1124110421554065,171.3608411238359,-0.53,106.1176768054035,12.183951986987843,8.393846850117352,14.530716454159078,10.613083129833496,0.30527751551233107,-0.46567500452711613,54.074074074074076,37.333333333333336
637566,154.253,2.671400000000001,20.23,1.0,1.0,4.0,0.0,0.0,0.0,0.0,0.6,1.0,11.0,64.0,0.6171312932317708,3.54438743137085,150.25571236699292,-0.56,69.43875774522651,8.69023444431199,5.163902460147014,10.44,6.1695841223704875,0.06144351054774105,-0.3922973699172159,59.166666666666664,35.8
643820,154.253,2.671400000000001,20.23,1.0,1.0,4.0,0.0,0.0,0.0,0.0,0.6,1.0,11.0,64.0,0.6171312932317708,3.54438743137085,150.25571236699292,-0.56,69.43875774522651,8.69023444431199,5.163902460147014,10.44,6.1695841223704875,0.06144351054774105,-0.3922973699172159,61.40384615384615,39.42857142857143
7795,158.24099999999999,2.375800000000001,26.3,0.0,2.0,5.0,0.0,0.0,0.0,0.0,0.8888888888888888,2.0,11.0,66.0,0.5740773887103613,3.1727643828864744,108.13036060964235,-0.53,68.93385527255303,8.69023444431199,5.163902460147014,10.47,6.197598478027457,0.30526706474485876,-0.46566437578616593,52.76470588235294,21.357142857142858
7797,158.24099999999999,2.5199000000000007,26.3,0.0,2.0,6.0,0.0,0.0,0.0,0.0,0.8888888888888888,2.0,11.0,66.0,0.4383150695699537,3.040425665876032,99.73585546369786,-0.53,68.93385527255305,8.52709773749546,5.308060412490447,10.47,7.575596620908132,0.305267425653484,-0.46596920787945656,62.627450980392155,32.76470588235294
7799,172.26799999999997,2.910000000000001,26.3,0.0,2.0,7.0,0.0,0.0,0.0,0.0,0.9,2.0,12.0,72.0,0.4357325104642842,3.0296226214745263,110.40620687739316,-0.53,75.29879738694966,9.234204518682008,5.808060412490447,11.47,8.565510983763133,0.30526742565897524,-0.4659692078794496,66.23076923076923,32.84615384615385
7803,116.15999999999998,1.3496000000000001,26.3,0.0,2.0,3.0,0.0,0.0,0.0,0.0,0.8333333333333334,2.0,8.0,48.0,0.5200986676423002,2.988598647973156,68.92878689342031,-0.53,49.83902892936323,6.405777393935816,3.808060412490447,7.470000000000001,4.624559505409582,0.3049962391075301,-0.46569358053783955,44.42307692307692,20.5
2879,108.13999999999999,1.7006199999999996,20.23,1.0,1.0,0.0,1.0,1.0,0.0,0.0,0.14285714285714285,1.0,8.0,42.0,0.5359354364287862,3.0324555320336755,143.24662946459569,-0.98,48.59057898608958,5.983127663125442,3.787693700234704,5.162450142450142,1.8646221994975438,0.11509448895139261,-0.5079666481555334,32.31481481481482,1.25
7820,146.142,0.11259999999999981,52.60000000000001,0.0,4.0,3.0,0.0,0.0,0.0,0.0,0.6666666666666666,4.0,10.0,58.0,0.5301974190717502,3.352921516464098,113.70950594454669,-1.06,59.114096258913875,7.983127663125442,4.701907262607799,8.94,4.784806790484913,0.30559485280552606,-0.4689839717471165,43.64,35.0
246728,128.21499999999997,2.5458000000000007,17.07,0.0,1.0,5.0,0.0,0.0,0.0,0.0,0.875,1.0,9.0,54.0,0.5198882841773269,2.9730624080867365,76.63682062300136,-0.33,57.455367928649565,7.112884175122364,4.308060412490447,8.67,5.8003780964797915,0.13213642248814716,-0.29972928053425624,50.943396226415096,29.823529411764707
7824,130.18699999999998,1.7397,26.3,0.0,2.0,4.0,0.0,0.0,0.0,0.0,0.8571428571428571,2.0,9.0,54.0,0.4277197407264159,2.9730624080867365,78.98533616859814,-0.53,56.203971043759836,7.112884175122364,4.308060412490447,8.470000000000002,5.603868808567606,0.30500183741330067,-0.4689954278244127,56.2037037037037,38.22727272727273
7826,144.214,2.1298000000000004,26.3,0.0,2.0,5.0,0.0,0.0,0.0,0.0,0.875,2.0,10.0,60.0,0.4361738106721368,2.9617756061821483,89.25838096618136,-0.53,62.56891315815645,7.819990956308912,4.808060412490447,9.47,6.588063754427392,0.30500183885085225,-0.46899542782059844,58.82608695652174,52.875
14104,164.24799999999996,3.1270200000000017,9.23,0.0,1.0,2.0,1.0,1.0,0.0,0.0,0.45454545454545453,1.0,12.0,66.0,0.6521785022585941,3.109491344634383,263.706664480361,-0.98,74.36965892098688,9.137828201504695,5.647065707741407,9.110744101633394,3.6136071035335044,0.12207129770870348,-0.4964569142076688,43.75,32.5
264,88.10599999999998,0.8711,37.3,1.0,1.0,2.0,0.0,0.0,0.0,0.0,0.75,2.0,6.0,36.0,0.5434407472889116,2.831257109931365,49.50977500432694,-0.53,36.78983322325915,4.99156383156272,2.770055610029662,5.469999999999999,2.693713646532438,0.30282893657949883,-0.48123051640943176,21.072727272727274,22.0
239,89.09399999999998,-0.5802,63.32000000000001,2.0,2.0,2.0,0.0,0.0,0.0,0.0,0.6666666666666666,3.0,6.0,36.0,0.4753919445136942,2.831257109931365,52.75488750216347,-0.5700000000000001,35.76478180587526,4.99156383156272,2.770055610029662,5.43,2.6557336343115123,0.304125215871101,-0.481195254586476,50.24242424242424,31.5
7915,102.133,0.9579,26.3,0.0,2.0,1.0,0.0,0.0,0.0,0.0,0.8,2.0,7.0,42.0,0.46074798296339087,3.126006652390634,66.48040587771368,-0.53,43.47408681496662,5.8618073195657985,3.125897657686229,6.47,2.610921480426842,0.3023791003505634,-0.46315599324942824,44.60294117647059,34.0
7921,100.11699999999999,0.7119,26.3,0.0,2.0,0.0,1.0,0.0,1.0,1.0,0.8,2.0,7.0,40.0,0.4189428687308838,2.39706714269016,88.08094399727416,-0.53,42.4682556614374,5.276020881938894,3.287693700234704,4.624559505409582,1.5234757718400516,0.3056876596821109,-0.46264003197434184,51.361111111111114,25.666666666666668
7937,107.15599999999996,1.69844,12.89,0.0,1.0,0.0,1.0,1.0,0.0,0.0,0.2857142857142857,1.0,8.0,42.0,0.49138777691763613,3.077660437970554,164.24662946459569,-0.8500000000000001,49.38093532923669,5.983127663125442,3.7876937002347035,5.2898601398601395,1.94826211591866,0.03753601180441257,-0.25848808574390264,29.818181818181817,38.77777777777778
7967,98.145,1.5196,17.07,0.0,1.0,0.0,1.0,0.0,1.0,1.0,0.8333333333333334,1.0,7.0,40.0,0.448625540575247,2.2495440947344703,68.24920506009684,-0.33,43.719652546327126,5.112884175122364,3.393846850117352,4.8199250374812594,2.101967961325131,0.13241132759858107,-0.2997179089731855,42.03703703703704,31.11111111111111
61024,200.322,3.5461000000000027,26.3,0.0,2.0,8.0,0.0,0.0,0.0,0.0,0.9166666666666666,2.0,14.0,84.0,0.44223222775106114,3.0958455805317366,141.25715550266415,-0.53,88.02868161574287,10.811554787871634,6.680739212552622,13.47,9.041866651896015,0.30786115848399,-0.46548660177034856,55.8235294117647,18.5
7983,144.21399999999997,2.1298000000000004,26.3,0.0,2.0,5.0,0.0,0.0,0.0,0.0,0.875,2.0,10.0,60.0,0.4361738106721368,3.0523751890457076,89.25838096618136,-0.53,62.56891315815645,7.819990956308912,4.808060412490447,9.47,6.588063754427392,0.30526689412139096,-0.46567531840495296,38.07272727272727,38.0
7997,102.13299999999998,0.9595,26.3,0.0,2.0,2.0,0.0,0.0,0.0,0.0,0.8,2.0,7.0,42.0,0.485245073645189,2.8219389370591843,59.10049400592804,-0.53,43.47408681496663,5.698670612749268,3.270055610029662,6.47,3.6528153564899446,0.30212269736284525,-0.4658887398426499,43.45454545454545,35.333333333333336
8025,74.07900000000001,0.17930000000000001,26.3,0.0,2.0,2.0,0.0,0.0,0.0,0.0,0.6666666666666666,2.0,5.0,30.0,0.43656455010269035,2.4017152226171965,26.074033921146967,-0.53,30.744202586173408,4.121320343559642,2.414213562373095,4.469999999999999,3.4699999999999998,0.29256541994374863,-0.46819518164403584,48.1764705882353,54.0
8030,84.14299999999999,1.7480999999999998,0.0,0.0,1.0,0.0,1.0,1.0,0.0,0.0,0.0,1.0,5.0,26.0,0.44892664601443366,3.1250000000000004,60.12481811269772,-0.30000000000000004,35.07176638990846,3.5355339059327378,2.5,2.9127659574468083,1.2210502489814397,-0.009338438056026077,-0.152454341484825,31.96153846153846,33.28
1110,118.08799999999998,-0.06420000000000015,74.6,2.0,2.0,3.0,0.0,0.0,0.0,0.0,0.5,4.0,8.0,46.0,0.5437714031598523,3.1818458670936187,92.60593781761291,-1.06,45.74558907549892,6.568914100752346,3.625897657686229,6.9399999999999995,3.009687481832753,0.30343248908825177,-0.48121892931530574,36.11764705882353,27.0
444972,116.07199999999997,-0.28819999999999985,74.6,2.0,2.0,2.0,0.0,0.0,0.0,0.0,0.0,4.0,8.0,44.0,0.4859839100851221,3.668626461933803,118.97373660251155,-1.32,45.05598604331467,6.568914100752346,3.625897657686229,6.68,2.7879637132919783,0.3280658637591418,-0.4780707501605797,49.45,30.5
8042,270.45699999999994,5.639100000000005,26.3,0.0,2.0,13.0,0.0,0.0,0.0,0.0,0.9411764705882353,2.0,19.0,114.0,0.3196422387833502,3.0834103763587524,199.43874567421344,-0.53,119.85339218772594,14.347088693804373,9.163902460147016,18.470000000000002,13.891409452809675,0.3055337242115604,-0.46295330826318803,50.625,28.25
8048,200.32199999999997,3.6902000000000026,26.3,0.0,2.0,9.0,0.0,0.0,0.0,0.0,0.9166666666666666,2.0,14.0,84.0,0.41890454460111903,3.0148257844595356,132.28341890015258,-0.53,88.0286816157429,10.648418081055103,6.808060412490448,13.47,10.550192461908578,0.3052674256589853,-0.4659692078794496,49.55172413793103,33.4
8049,258.3579999999999,3.2334000000000023,52.60000000000001,0.0,4.0,11.0,0.0,0.0,0.0,0.0,0.8571428571428571,4.0,18.0,106.0,0.4215226752792795,3.162653055346669,201.8338811517707,-1.06,110.03363317408676,13.639981912617825,8.701907262607799,16.940000000000005,12.398315967600073,0.3052674256589853,-0.4659692078794496,55.476190476190474,19.5
8051,114.18799999999999,2.1557000000000004,17.07,0.0,1.0,4.0,0.0,0.0,0.0,0.0,0.8571428571428571,1.0,8.0,48.0,0.5116862498477169,2.822354554248032,66.78707744334402,-0.33,51.09042581425295,6.405777393935816,3.770055610029662,7.669999999999999,4.8199250374812594,0.12933994886491917,-0.3000310235003908,53.77358490566038,22.526315789473685
8077,122.258,2.4076000000000004,0.0,0.0,2.0,3.0,0.0,0.0,0.0,0.0,1.0,2.0,6.0,38.0,0.4162604903556758,2.3390923149762908,17.50977500432694,0.7,47.48025950809951,4.82842712474619,2.914213562373095,6.7,5.699999999999999,0.0008442873107774625,-0.09445891215372038,21.327272727272728,21.333333333333332
8078,84.162,2.3406000000000002,0.0,0.0,0.0,0.0,1.0,0.0,1.0,1.0,1.0,0.0,6.0,36.0,0.42231618686094674,2.0,15.509775004326936,0.0,39.55813044628337,4.242640687119286,3.0,4.166666666666667,2.2222222222222223,-0.0533059727891157,-0.0533059727891157,40.525,21.0
8082,85.15,0.7599,12.03,1.0,1.0,0.0,1.0,0.0,1.0,1.0,1.0,1.0,6.0,36.0,0.4576362279207808,2.0,19.40990953421706,-0.04,38.743050515494794,4.242640687119286,3.0,4.127785234899329,2.189674338993739,-0.004891140011689817,-0.3167325809905548,13.245283018867925,16.4
9862,126.199,2.3218000000000005,17.07,0.0,1.0,3.0,0.0,0.0,0.0,0.0,0.625,1.0,9.0,52.0,0.530240264478204,3.3050429936972368,118.5293250129808,-0.5900000000000001,56.76576489646531,7.276020881938894,4.125897657686229,8.41,4.304693905251237,0.1296486034204964,-0.3000186639320493,48.648148148148145,27.916666666666668
8091,158.24099999999999,2.5199000000000007,26.3,0.0,2.0,6.0,0.0,0.0,0.0,0.0,0.8888888888888888,2.0,11.0,66.0,0.4383150695699537,2.9549874302986416,99.73585546369786,-0.53,68.93385527255306,8.52709773749546,5.308060412490447,10.47,7.575596620908132,0.30500183885634347,-0.46899542782059145,68.52272727272727,30.375
8093,128.21499999999997,2.5458000000000007,17.07,0.0,1.0,5.0,0.0,0.0,0.0,0.0,0.875,1.0,9.0,54.0,0.5198882841773269,2.8288681349096856,76.63682062300136,-0.33,57.455367928649565,7.112884175122364,4.270055610029662,8.67,5.8003780964797915,0.12933995027687056,-0.30003102349470656,52.53703703703704,31.571428571428573
8094,130.187,2.0414,37.3,1.0,1.0,5.0,0.0,0.0,0.0,0.0,0.8571428571428571,2.0,9.0,54.0,0.5780646905302889,2.8288681349096856,78.98533616859814,-0.53,55.884659566448974,7.112884175122364,4.270055610029662,8.470000000000002,5.603868808567606,0.30283955652668276,-0.481230389785224,21.509090909090908,12.0
8103,102.17699999999999,1.559,20.23,1.0,1.0,4.0,0.0,0.0,0.0,0.0,1.0,1.0,7.0,44.0,0.5339278817039772,2.447472887876344,23.360990398949916,-0.04,45.35819535200859,5.535533905932738,3.414213562373095,6.96,5.959999999999999,0.04305240583871399,-0.39637656934781806,58.2,14.625
8122,312.538,6.811000000000008,26.3,0.0,2.0,17.0,0.0,0.0,0.0,0.0,0.95,2.0,22.0,132.0,0.21765678990017356,3.00961263081579,225.74713374688884,-0.53,138.9482185309158,16.30527233054749,10.808060412490448,21.47,18.51885197850513,0.3052674256589853,-0.4659692078794496,43.38095238095238,16.0
8125,112.216,3.142800000000002,0.0,0.0,0.0,5.0,0.0,0.0,0.0,0.0,0.75,0.0,8.0,48.0,0.37835862251165964,2.616293090417985,46.0,-0.26,52.604242796421545,6.242640687119286,3.914213562373095,7.739999999999999,6.74,-0.03534129448857064,-0.10308297893628117,39.073170731707314,52.0
8129,116.204,1.9491,20.23,1.0,1.0,5.0,0.0,0.0,0.0,0.0,1.0,1.0,8.0,50.0,0.5441914935658748,2.53006045688352,29.368065554250645,-0.04,51.723137466405205,6.242640687119286,3.914213562373095,7.96,6.96,0.04305240722358134,-0.3963765693422927,50.64150943396226,33.2
14228,228.37599999999992,4.470400000000004,26.3,0.0,2.0,11.0,0.0,0.0,0.0,0.0,0.9285714285714286,2.0,16.0,96.0,0.38504256003478965,3.1200940098732817,138.8143311431168,-0.53,100.75856584453611,12.0626316434282,7.808060412490447,15.47,12.539108500345543,0.30527751551231147,-0.46567500453278815,52.357142857142854,21.0
5368076,170.25199999999998,2.686000000000001,26.3,0.0,2.0,6.0,0.0,0.0,0.0,0.0,0.7,2.0,12.0,70.0,0.347826517945107,3.183157166742508,138.7740056622918,-0.79,74.6091943547654,9.234204518682008,5.8080604124904465,11.21,8.307943192948091,0.32963945975192815,-0.46585943619794296,50.31111111111111,28.307692307692307
8137,168.236,2.1332000000000004,26.3,0.0,2.0,4.0,0.0,0.0,0.0,0.0,0.7,2.0,12.0,68.0,0.2780503413608355,3.2689731533358644,174.01293830999776,-0.97,74.29802277880893,9.234204518682008,5.8080604124904465,11.03,8.129700897308076,0.3835614910612377,-0.45943055170969066,64.98076923076923,35.18181818181818
957,130.23100000000002,2.3392000000000013,20.23,1.0,1.0,6.0,0.0,0.0,0.0,0.0,1.0,1.0,9.0,56.0,0.5470483699238978,2.595082706793886,37.832293921787276,-0.04,58.08807958080182,6.949747468305834,4.414213562373095,8.960000000000003,7.960000000000003,0.04305240722887931,-0.39637656934228255,49.870370370370374,28.75
14257,156.313,4.537100000000004,0.0,0.0,0.0,8.0,0.0,0.0,0.0,0.0,1.0,0.0,11.0,68.0,0.4526177505443085,2.6909155266923976,49.05865002596163,0.0,72.38867217179563,8.36396103067893,5.414213562373096,11.0,10.0,-0.05330597554255363,-0.06538238322279266,53.333333333333336,39.833333333333336
8159,158.24099999999999,2.5199000000000007,26.3,0.0,2.0,6.0,0.0,0.0,0.0,0.0,0.8888888888888888,2.0,11.0,66.0,0.4383150695699537,2.849761282233442,99.73585546369786,-0.53,68.93385527255305,8.52709773749546,5.270055610029662,10.47,7.575596620908132,0.30212286792610354,-0.4658776866680014,61.648648648648646,32.083333333333336
8163,170.296,3.7161000000000026,17.07,0.0,1.0,8.0,0.0,0.0,0.0,0.0,0.9090909090909091,1.0,12.0,72.0,0.5073577055441593,2.86138733944056,107.57174002125653,-0.33,76.55019427183942,9.234204518682008,5.770055610029663,11.67,8.763720712277413,0.1293399502822748,-0.30003102349469607,50.416666666666664,42.285714285714285
14286,121.13899999999997,1.2842,29.96,0.0,2.0,1.0,1.0,1.0,0.0,0.0,0.14285714285714285,2.0,9.0,46.0,0.5237435952028574,2.981454614041131,205.415952604261,-1.1800000000000002,53.54245742928045,6.69023444431199,4.304530452640311,5.947877237851663,2.3955617406597787,0.17759472122537037,-0.29277323645381376,49.72727272727273,35.857142857142854
8174,158.285,3.119400000000002,20.23,1.0,1.0,8.0,0.0,0.0,0.0,0.0,1.0,1.0,11.0,68.0,0.5380402798848124,2.6909155266923976,53.89311688209828,-0.04,70.81796380959506,8.36396103067893,5.414213562373096,10.96,9.96,0.04305240722888907,-0.3963765693422825,38.64705882352941,7.0
8175,156.269,3.3260000000000023,17.07,0.0,1.0,8.0,0.0,0.0,0.0,0.0,0.9,1.0,11.0,66.0,0.3889444461925324,2.7376715685719475,78.9419624661572,-0.33,70.1852521574428,8.36396103067893,5.414213562373096,10.67,9.67,0.11949019867032568,-0.3034029081494581,33.340425531914896,6.5
8180,186.295,3.6018000000000017,37.3,1.0,1.0,9.0,0.0,0.0,0.0,0.0,0.9090909090909091,2.0,13.0,78.0,0.5584875282599889,2.8729187591669154,121.25868639907948,-0.53,81.34442802403544,9.941311299868556,6.270055610029663,12.47,9.557183958151702,0.3028395565321837,-0.481230389785217,31.142857142857142,48.0
14296,136.198,1.71028,25.78,0.0,2.0,0.0,1.0,1.0,0.0,0.0,0.5,2.0,10.0,54.0,0.5422770005695131,3.2824629074535228,203.42965837655683,-0.9200000000000002,61.33046753897641,7.723614639131599,4.6090609052806215,7.190132158590309,2.3673495497012036,0.05878960172921568,-0.25469432781024665,49.37931034482759,33.333333333333336
8184,172.31199999999998,3.5095000000000023,20.23,1.0,1.0,9.0,0.0,0.0,0.0,0.0,1.0,1.0,12.0,74.0,0.5276216187512563,2.72724281291869,61.404364101390854,-0.04,77.18290592399167,9.071067811865477,5.914213562373096,11.96,10.96,0.04305240722888907,-0.3963765693422825,41.8936170212766,4.5
8186,170.296,3.7161000000000026,17.07,0.0,1.0,9.0,0.0,0.0,0.0,0.0,0.9090909090909091,1.0,12.0,72.0,0.3805589806249054,2.76676462623148,89.00490222095137,-0.33,76.55019427183942,9.071067811865477,5.914213562373096,11.67,10.67,0.11949019867032568,-0.3034029081494581,36.22,48.666666666666664
62374,152.19299999999998,1.5008,34.14,0.0,2.0,0.0,1.0,0.0,1.0,0.0,0.5555555555555556,2.0,11.0,60.0,0.5267989462227936,3.054290082931889,246.28834790885676,-0.9200000000000002,66.28639795737644,8.646264369941973,4.932357537481885,8.179206349206348,2.292643251404669,0.16423396425457729,-0.29481438735268234,47.6530612244898,25.333333333333332
8193,186.33899999999997,3.8996000000000035,20.23,1.0,1.0,10.0,0.0,0.0,0.0,0.0,1.0,1.0,13.0,80.0,0.5129821812363801,2.7581498184332935,71.19366193720087,-0.04,83.54784803838828,9.778174593052025,6.414213562373096,12.960000000000003,11.96,0.04305240722888907,-0.3963765693422825,43.0,11.0
62375,152.19299999999996,1.978,18.46,0.0,2.0,3.0,1.0,1.0,0.0,0.0,0.3333333333333333,2.0,11.0,60.0,0.616400827538923,2.738498942719903,191.9775235394922,-0.8600000000000001,66.75331992170054,8.104448006685086,5.3805400575618805,8.23861932938856,4.10920333614693,0.18262603865262517,-0.35169511246768675,34.98148148148148,18.714285714285715
8205,228.37599999999995,4.470400000000004,26.3,0.0,2.0,11.0,0.0,0.0,0.0,0.0,0.9285714285714286,2.0,16.0,96.0,0.3850425600347897,2.904707557588277,154.8143311431168,-0.53,100.75856584453614,12.0626316434282,7.770055610029663,15.47,12.539108500345543,0.30212286792610354,-0.4658776866679909,43.54545454545455,22.5
62378,166.26399999999998,3.246100000000002,17.07,0.0,1.0,4.0,1.0,0.0,1.0,0.0,0.7272727272727273,1.0,12.0,68.0,0.5858125372453691,2.3911230466599602,201.0496521822662,-0.5900000000000001,74.8547600861259,8.974691494688164,5.753218857624055,9.497642418930763,4.439172431628318,0.1586239359997304,-0.29454645772819643,44.490566037735846,42.666666666666664
14328,180.20299999999995,1.9063999999999997,35.53,0.0,3.0,3.0,1.0,1.0,0.0,0.0,0.3,3.0,13.0,70.0,0.6663228041403089,3.12656034062561,317.94593883291583,-1.51,77.2797841361409,9.844934982691242,6.185070510202192,9.577032201914708,3.9373595701593858,0.16093767822420038,-0.4928695286917602,51.407407407407405,25.0
8294,196.29,3.2406000000000024,26.3,0.0,2.0,5.0,0.0,0.0,0.0,0.0,0.5833333333333334,2.0,14.0,80.0,0.4981507139283784,4.187563022426479,236.70628424348942,-1.05,86.64947555137437,11.19023444431199,6.3936646106526,12.95,5.6321572115053895,0.30298660818749895,-0.45530535811728734,56.91428571428571,32.0
8363,228.24699999999999,2.7492000000000014,46.53,1.0,3.0,3.0,2.0,2.0,0.0,0.0,0.07142857142857142,3.0,17.0,86.0,0.8214760330937975,2.012836803765173,505.8855887837592,-2.2899999999999996,99.28768263610088,12.08757566981053,8.270856947829097,11.203022603757393,5.163787455051142,0.3417458311278584,-0.5070527973358621,53.64705882352941,10.25
8375,136.14999999999998,1.5948,37.3,1.0,2.0,1.0,1.0,1.0,0.0,0.0,0.125,2.0,10.0,52.0,0.5951083320007401,3.1529414466808685,253.1894333808838,-1.31,59.11704320052995,7.560477932315068,4.71521405516327,6.805074798619103,2.5185440606017586,0.16301367625192997,-0.5071987718710326,29.545454545454547,21.666666666666668
4133,152.14899999999997,1.1787999999999998,46.53,1.0,3.0,1.0,1.0,1.0,0.0,0.0,0.125,3.0,11.0,58.0,0.6143884490200855,3.0326621558006566,267.7946100817276,-1.51,64.23058843003683,8.267584713501616,5.253218857624055,7.595374077976819,3.0531381005525,0.3411321188257538,-0.5070528008609642,60.836363636363636,33.888888888888886
14514,124.139,1.79062,30.21,0.0,2.0,1.0,1.0,1.0,0.0,0.0,0.2857142857142857,2.0,9.0,48.0,0.5340631624545651,2.9776485317868318,222.57495208091365,-1.05,53.482080826807376,6.8533711511285205,4.198377302757663,6.075786163522013,2.0520620921165116,0.19442807731015793,-0.4582976968302745,36.48148148148148,28.75
3102,182.222,2.917600000000001,17.07,0.0,1.0,2.0,2.0,2.0,0.0,0.0,0.0,1.0,14.0,68.0,0.6524732866647586,2.3486376045097153,376.003255415297,-1.8899999999999997,83.01496154000138,9.803118619434356,6.877010097711745,8.696948085233146,3.8789693771624525,0.19251966533540768,-0.2886159649049109,57.5,23.5
660,148.16099999999997,1.5381999999999998,26.3,0.0,2.0,0.0,2.0,1.0,1.0,0.0,0.2222222222222222,2.0,11.0,56.0,0.4117582021029618,2.4141310245037477,291.3691367199719,-1.31,64.7954656387082,7.681798275874712,5.360173345306138,6.4033600114109595,2.381380891498966,0.3110281485201333,-0.42622503582831417,64.81818181818181,28.77777777777778
8419,166.17599999999996,1.5163,35.53,0.0,3.0,3.0,1.0,1.0,0.0,0.0,0.2222222222222222,3.0,12.0,64.0,0.6383852121799833,3.097737020758659,281.102178757748,-1.51,70.9148420217443,8.974691494688164,5.812391710140018,8.585328884652048,3.7588733548338538,0.1609270486525451,-0.4928695317941849,62.390243902439025,23.636363636363637
6114390,282.339,3.876400000000003,35.53,0.0,3.0,5.0,2.0,2.0,0.0,0.0,0.16666666666666666,3.0,21.0,108.0,0.616495199386238,2.0965213408720555,630.1666279079906,-2.55,124.37715953881394,15.079139501373252,10.223876650462412,14.850737505038957,7.2904051242661545,0.3152841461038767,-0.49282011061521114,56.2,41.0
61048,178.231,2.4994000000000005,26.3,0.0,2.0,3.0,1.0,1.0,0.0,0.0,0.36363636363636365,2.0,13.0,70.0,0.6645754561212156,2.4977844401611917,264.6785847993893,-1.31,78.53118102103066,9.681798275874712,6.198377302757663,9.775543199315653,4.651378356698753,0.3376270409620543,-0.461823846024259,49.02777777777778,36.75
2345,212.248,3.0436000000000014,26.3,0.0,2.0,3.0,2.0,2.0,0.0,0.0,0.07142857142857142,2.0,16.0,80.0,0.7307975714616393,1.9460332806831828,448.67626205276036,-2.0899999999999994,94.49344888390488,11.217332181807452,7.860173345306138,10.42855960264156,5.121140695118211,0.3379551839851819,-0.45722281014698424,48.6,8.5
8438,150.13299999999998,1.2278,35.53,0.0,3.0,1.0,2.0,1.0,1.0,0.0,0.125,3.0,11.0,56.0,0.5645624802089623,2.4833896435380507,293.3886867286258,-1.51,63.54406875381847,7.68179827587471,5.398178147766923,6.216280692220383,2.268477910803053,0.23080068360482325,-0.45359504435662795,72.02272727272727,40.411764705882355
637796,162.18799999999996,2.4484000000000012,18.46,0.0,2.0,1.0,2.0,1.0,1.0,0.0,0.2,2.0,12.0,62.0,0.6310600907726281,2.3829284956797214,315.61466000789903,-1.44,71.42282785038365,8.38890505706126,5.898178147766923,7.2221089306880915,2.8932518288935443,0.2308006594468658,-0.453595077642229,59.56,35.10526315789474
8452,84.118,1.1295,17.07,0.0,1.0,0.0,1.0,0.0,1.0,1.0,0.8,1.0,6.0,34.0,0.4296801032840842,2.3673518510178746,58.33869642763737,-0.33,37.35471043193051,4.405777393935816,2.893846850117352,3.84636684303351,1.4138304835588202,0.13241174098098987,-0.2997179056395969,36.04255319148936,29.5
8467,166.176,1.6034,46.53,1.0,3.0,3.0,1.0,1.0,0.0,0.0,0.2222222222222222,3.0,12.0,64.0,0.6935743887715065,2.9880700814121135,281.102178757748,-1.51,70.59553054443344,8.974691494688164,5.774386907679233,8.585328884652048,3.7588733548338538,0.16110036123217036,-0.5042541269718366,83.94444444444444,37.54545454545455
1183,152.14899999999997,1.2133,46.53,1.0,3.0,2.0,1.0,1.0,0.0,0.0,0.125,3.0,11.0,58.0,0.6477438574453785,3.1161641338580512,268.03972257956417,-1.51,64.23058843003683,8.267584713501616,5.274386907679233,7.595374077976819,3.0531381005525,0.16068932365262117,-0.5042543227773111,83.96296296296296,39.70454545454545
8468,168.14799999999997,1.099,66.76,2.0,3.0,2.0,1.0,1.0,0.0,0.0,0.125,4.0,12.0,64.0,0.6933988517563217,3.134300249949543,305.92621196610224,-1.71,69.02482218223285,9.137828201504695,5.647065707741408,8.38718172983479,3.126513566573834,0.3353226528876391,-0.5042542960594021,44.06060606060606,16.4
326,148.20499999999996,2.6225000000000014,17.07,0.0,1.0,2.0,1.0,1.0,0.0,0.0,0.3,1.0,11.0,58.0,0.5890553243743855,2.90982279990154,233.55461928814677,-1.11,67.05269367712715,8.267584713501616,5.236382105218448,7.991112234580385,3.3308105585183703,0.14954836598843899,-0.29789640884515184,51.16326530612245,48.666666666666664
31209,202.297,3.8492000000000033,17.07,0.0,1.0,6.0,1.0,1.0,0.0,0.0,0.35714285714285715,1.0,15.0,80.0,0.38882065899504836,2.5762090172546523,311.3704021779951,-1.3699999999999999,91.82285910252935,10.932875131431278,7.363703305156275,11.703367571533382,6.992698830807924,0.14554215422443673,-0.29825637550624956,33.244897959183675,23.25
31210,192.258,2.572400000000001,26.3,0.0,2.0,5.0,1.0,1.0,0.0,0.0,0.4166666666666667,2.0,14.0,76.0,0.5291308075220866,2.273013592418655,266.91003516871797,-1.31,84.89612313542727,10.22576835024473,6.825698502695489,10.76880220646178,6.190508581943787,0.30975229926072406,-0.4654314192674153,47.22222222222222,24.857142857142858
31219,164.204,2.1398,26.3,0.0,2.0,3.0,1.0,1.0,0.0,0.0,0.3,2.0,12.0,64.0,0.6395972856634639,2.384535862890579,241.27530899395387,-1.31,72.16623890663404,8.811554787871634,5.825698502695489,8.783545369504209,4.544018446795469,0.3053342363207337,-0.4608082715606513,67.22916666666667,36.23076923076923
778574,204.269,2.899000000000002,26.3,0.0,2.0,4.0,1.0,1.0,0.0,0.0,0.3076923076923077,2.0,15.0,80.0,0.5565125324313382,2.4116227643124617,325.6490065043201,-1.5699999999999998,90.57146221763963,11.096011838247808,7.1815405503520555,11.50446016381236,6.015731754887756,0.3302707441320819,-0.4622573767785678,54.0,36.583333333333336
31225,178.23100000000002,2.1822999999999997,26.3,0.0,2.0,4.0,1.0,1.0,0.0,0.0,0.36363636363636365,2.0,13.0,70.0,0.6604292889918286,2.2413765431693933,254.05260581186823,-1.31,78.53118102103066,9.518661569058182,6.325698502695489,9.775543199315653,5.355726156931021,0.30500774642492445,-0.46532873553419357,54.6,38.166666666666664
61052,192.25800000000004,2.572400000000001,26.3,0.0,2.0,5.0,1.0,1.0,0.0,0.0,0.4166666666666667,2.0,14.0,76.0,0.5291308075220866,2.1332124802819257,266.91003516871797,-1.31,84.89612313542727,10.22576835024473,6.825698502695489,10.76880220646178,6.190508581943787,0.3049965956577278,-0.4656701060270374,36.42553191489362,15.333333333333334
31234,136.194,1.6115000000000002,20.23,1.0,1.0,3.0,1.0,1.0,0.0,0.0,0.3333333333333333,1.0,10.0,54.0,0.6689565380917978,2.426522346587954,169.34295735705518,-0.8200000000000001,61.32046321488281,7.234204518682008,4.931851652578137,7.288932461873639,4.0691775159120125,0.043369666751927015,-0.39636445315137964,48.58695652173913,27.733333333333334
126,122.12299999999996,1.2046999999999997,37.3,1.0,2.0,1.0,1.0,1.0,0.0,0.0,0.0,2.0,9.0,46.0,0.5681374031144323,3.0097819477866006,200.66106510209752,-1.31,52.75210108613335,6.690234444311989,4.325698502695488,5.820039011703511,2.306763635550358,0.14955257942872063,-0.5079662192772983,51.83783783783784,32.857142857142854
31244,136.14999999999998,1.5076999999999998,26.3,0.0,2.0,2.0,1.0,1.0,0.0,0.0,0.125,2.0,10.0,52.0,0.575816465118545,2.895351845489354,213.20412994838864,-1.31,59.43635467784082,7.397341225498538,4.863703305156274,6.805074798619103,3.011779444695785,0.14955258130421192,-0.49676779267846277,60.0,44.9
31246,114.18799999999999,2.1557000000000004,17.07,0.0,1.0,4.0,0.0,0.0,0.0,0.0,0.8571428571428571,1.0,8.0,48.0,0.5469887036855585,3.0551722039096187,58.78707744334402,-0.33,51.09042581425295,6.405777393935816,3.808060412490447,7.669999999999999,4.8199250374812594,0.13239048773034137,-0.2997182890076654,49.27272727272727,39.583333333333336
31249,174.19599999999997,0.8927999999999999,52.60000000000001,0.0,4.0,5.0,0.0,0.0,0.0,0.0,0.75,4.0,12.0,70.0,0.5807321280929896,3.402570682630092,135.1368500605771,-1.06,71.84398048770709,9.397341225498538,5.701907262607799,10.94,6.637839971391235,0.30586043921555606,-0.4659577512007539,57.72093023255814,22.285714285714285
31260,88.14999999999999,1.0248,20.23,1.0,1.0,2.0,0.0,0.0,0.0,0.0,1.0,1.0,6.0,38.0,0.5340885234757722,2.6272148478988635,25.11941547876375,-0.04,38.99325323761199,4.99156383156272,2.770055610029662,5.959999999999999,3.1616129032258065,0.04329631139781929,-0.3963660786745107,51.04,35.54545454545455
31265,144.21399999999997,2.1298000000000004,26.3,0.0,2.0,5.0,0.0,0.0,0.0,0.0,0.875,2.0,10.0,60.0,0.4361738106721368,3.0523751890457076,89.25838096618136,-0.53,62.568913158156434,7.819990956308912,4.808060412490447,9.47,6.588063754427392,0.3052674242159281,-0.4659692078832712,78.61111111111111,41.14705882352941
31266,156.22499999999997,2.2959000000000005,26.3,0.0,2.0,6.0,0.0,0.0,0.0,0.0,0.6666666666666666,2.0,11.0,64.0,0.3348650134513954,3.1510083529427266,118.731140660285,-0.79,68.2442522403688,8.52709773749546,5.308060412490447,10.21,7.318577633007602,0.30559416524115945,-0.4614536414185524,71.77777777777777,44.08
261,72.107,0.9854,17.07,0.0,1.0,2.0,0.0,0.0,0.0,0.0,0.75,1.0,5.0,30.0,0.4443450475833798,2.4017152226171965,24.828921423310437,-0.33,31.99559947106314,4.121320343559642,2.414213562373095,4.67,3.67,0.11947978113414225,-0.3034030972577946,17.666666666666668,5.166666666666667
31272,116.15999999999998,1.3496000000000001,26.3,0.0,2.0,3.0,0.0,0.0,0.0,0.0,0.8333333333333334,2.0,8.0,48.0,0.4106841127563541,2.822354554248032,68.92878689342031,-0.53,49.83902892936323,6.405777393935816,3.770055610029662,7.470000000000001,4.624559505409582,0.3021228665755719,-0.465877873906326,55.648148148148145,17.272727272727273
31276,130.18699999999998,1.5956000000000001,26.3,0.0,2.0,3.0,0.0,0.0,0.0,0.0,0.8571428571428571,2.0,9.0,54.0,0.5422095914375367,3.006105030052141,86.91694057588533,-0.53,56.203971043759836,7.276020881938894,4.125897657686229,8.470000000000002,4.3587538349811625,0.302123037200498,-0.46586693130001083,59.276595744680854,34.166666666666664
196,146.142,0.716,74.6,2.0,2.0,5.0,0.0,0.0,0.0,0.0,0.6666666666666666,4.0,10.0,58.0,0.5600766476893669,3.0550899395377584,113.70950594454669,-1.06,58.475473304292144,7.983127663125442,4.625897657686229,8.94,4.784806790484913,0.302839787989633,-0.4812303886150306,38.48148148148148,24.666666666666668
31283,256.4299999999999,5.250600000000005,26.3,0.0,2.0,13.0,0.0,0.0,0.0,0.0,0.9375,2.0,18.0,108.0,0.33210766405412984,3.005902695364245,177.93577382145608,-0.53,113.48845007332935,13.476845205801295,8.808060412490448,17.470000000000002,14.530716454159078,0.3052674256589853,-0.4659692078794496,42.75,14.0
379,144.214,2.4314999999999998,37.3,1.0,1.0,6.0,0.0,0.0,0.0,0.0,0.875,2.0,10.0,60.0,0.5811557038471341,2.838589121813916,89.25838096618135,-0.53,62.24960168084558,7.819990956308912,4.770055610029662,9.47,6.588063754427392,0.30283955653217365,-0.481230389785217,26.632653061224488,1.0
454,128.215,2.5458000000000007,17.07,0.0,1.0,6.0,0.0,0.0,0.0,0.0,0.875,1.0,9.0,54.0,0.3966101918122153,2.663883887398184,59.58797503894244,-0.33,57.45536792864957,6.949747468305834,4.414213562373095,8.67,7.669999999999999,0.11949019867031578,-0.3034029081494581,33.05555555555556,19.5
1060,88.06199999999998,-0.34000000000000014,54.370000000000005,1.0,2.0,1.0,0.0,0.0,0.0,0.0,0.3333333333333333,3.0,6.0,34.0,0.4459283845851701,3.567703455043203,72.03910001730776,-0.8600000000000001,34.58641320890631,5.1547005383792515,2.6427344100918364,5.14,1.5450174870172142,0.3713429200675026,-0.4755092771329636,39.075471698113205,25.166666666666668
31404,220.35599999999997,4.295620000000003,20.23,1.0,1.0,0.0,1.0,1.0,0.0,0.0,0.6,1.0,16.0,90.0,0.6909972184662643,3.507848337934589,353.8715828475769,-0.98,99.51011590126242,12.723614639131599,7.031710636090997,13.086577896138483,3.796604615588104,0.12254049480510547,-0.5073406948944928,51.36842105263158,8.0
8615,241.29,2.6683000000000003,52.32,1.0,3.0,4.0,2.0,2.0,0.0,0.0,0.13333333333333333,3.0,18.0,92.0,0.6610301369810663,1.8788102729908105,523.0266276810372,-2.2899999999999996,106.1982816953142,12.794682450997078,8.770856947829097,12.174429825362497,5.866349526790589,0.3397398573464508,-0.46168766170767467,48.1875,12.0
875,150.08599999999998,-2.1225999999999994,115.06,4.0,4.0,3.0,0.0,0.0,0.0,0.0,0.5,6.0,10.0,58.0,0.3652291848585975,4.069511908932011,133.82680599646991,-1.1400000000000001,55.33405657989094,8.309401076758503,4.464101615137754,8.86,3.1362532686222435,0.33542658750566945,-0.47923964976298583,52.05882352941177,17.0
8635,151.16499999999996,1.0554,52.32,1.0,3.0,1.0,1.0,1.0,0.0,0.0,0.125,3.0,11.0,58.0,0.4818862664217506,3.0326621558006566,270.54949758389114,-1.51,64.77624537485353,8.267584713501616,5.253218857624055,7.595374077976819,3.0531381005525,0.3394527355145091,-0.46536187903986576,65.31481481481481,26.57894736842105
8658,136.14999999999998,1.5076999999999998,26.3,0.0,2.0,2.0,1.0,1.0,0.0,0.0,0.125,2.0,10.0,52.0,0.575816465118545,3.076562928309375,230.45412994838867,-1.31,59.43635467784082,7.397341225498538,4.8805400575618805,6.805074798619103,3.011779444695785,0.153276216053362,-0.4960126929981187,36.467289719626166,25.0
61659,194.25500000000002,3.306000000000002,26.28,0.0,3.0,4.0,2.0,2.0,0.0,0.0,0.2,3.0,13.0,68.0,0.7465211021519998,1.7582787523684806,289.4481088165922,-1.09,80.93015010787312,8.932875131431278,6.449489742783179,8.505674877196055,4.232838515360404,0.11314566242402171,-0.4684839496532423,20.11111111111111,25.1
1136,143.211,0.9863199999999999,33.120000000000005,1.0,3.0,2.0,1.0,1.0,0.0,0.0,0.5,3.0,9.0,50.0,0.6692765077851681,2.6886750370858383,184.93847023217103,-0.41,58.1804744662408,6.69023444431199,4.342535255101096,6.706414435389988,2.9391427852990817,0.07970699288095413,-0.395999147879006,29.61111111111111,22.2
8723,88.14999999999999,1.0248,20.23,1.0,1.0,2.0,0.0,0.0,0.0,0.0,1.0,1.0,6.0,38.0,0.5340885234757722,2.7541847860376616,23.11941547876375,-0.04,38.99325323761199,4.99156383156272,2.808060412490447,5.959999999999999,3.1616129032258065,0.045602329389549966,-0.396099194994739,32.541666666666664,37.0
26331,108.14399999999998,1.039,25.78,0.0,2.0,1.0,1.0,1.0,0.0,0.0,0.3333333333333333,2.0,8.0,42.0,0.5367952647550015,2.8320858350070908,147.87452390041133,-0.92,48.6005833101832,5.819990956308912,3.931851652578137,5.2212429378531064,2.403301637094403,0.058342780300727044,-0.2612240357990315,37.236363636363635,34.578947368421055
444539,148.16099999999997,1.7844,37.3,1.0,1.0,2.0,1.0,1.0,0.0,0.0,0.0,2.0,11.0,56.0,0.6489204335813591,2.721773554068781,262.15103906059477,-1.5699999999999998,64.79238228274231,8.104448006685086,5.287693700234705,7.536044538706258,3.562154412456972,0.327821184684523,-0.47807360446595853,28.375,22.625
8785,150.177,1.7496999999999998,26.3,0.0,2.0,2.0,1.0,1.0,0.0,0.0,0.2222222222222222,2.0,11.0,58.0,0.6001729288122303,2.453018743531937,228.57786591623355,-1.31,65.80129679223742,8.104448006685086,5.287693700234704,7.793199174406604,3.7604813030666033,0.3024607200500904,-0.4610034339503723,60.411764705882355,21.5
8797,150.177,1.9203199999999996,26.3,0.0,2.0,1.0,1.0,1.0,0.0,0.0,0.2222222222222222,2.0,11.0,58.0,0.45128381192661615,2.736298072105655,248.77017257091032,-1.3099999999999998,65.80129679223742,8.267584713501616,5.1815405503520555,7.793199174406604,3.191164645691246,0.30752394018677753,-0.42673358809341866,47.018181818181816,21.23076923076923
8815,148.20499999999998,2.4237,9.23,0.0,1.0,3.0,1.0,1.0,0.0,0.0,0.2,1.0,11.0,58.0,0.5980208715479165,2.7366739543410024,223.13302247817728,-1.2400000000000002,67.31511377440603,8.104448006685086,5.363703305156275,7.862459016393442,3.814282937664862,0.1183781129118103,-0.4967682157477287,60.83018867924528,32.48148148148148
1549025,196.29,3.242200000000002,26.3,0.0,2.0,5.0,0.0,0.0,0.0,0.0,0.5833333333333334,2.0,14.0,80.0,0.49814402161353755,3.670448527133007,232.70628424348942,-1.05,86.64947555137435,10.974691494688164,6.519744507803582,12.95,7.362880101745866,0.30243986414608637,-0.46163539054135816,43.04761904761905,50.333333333333336
8857,88.106,0.5694,26.3,0.0,2.0,1.0,0.0,0.0,0.0,0.0,0.75,2.0,6.0,36.0,0.43785087777866244,2.831257109931365,49.50977500432694,-0.53,37.10914470057002,4.99156383156272,2.770055610029662,5.469999999999999,2.693713646532438,0.30211277772699074,-0.46617188997441655,45.1578947368421,24.0
8878,170.25199999999998,2.686000000000001,26.3,0.0,2.0,7.0,0.0,0.0,0.0,0.0,0.7,2.0,12.0,70.0,0.33338730379379183,3.134308384476619,129.80026905978025,-0.79,74.6091943547654,9.234204518682008,5.808060412490447,11.21,8.307943192948091,0.30559416667871986,-0.4614536414147375,73.68518518518519,34.27777777777778
8892,116.15999999999998,1.6513,37.3,1.0,1.0,4.0,0.0,0.0,0.0,0.0,0.8333333333333334,2.0,8.0,48.0,0.5668732042121558,2.822354554248032,68.92878689342031,-0.53,49.51971745205236,6.405777393935816,3.770055610029662,7.470000000000001,4.624559505409582,0.30283955508920857,-0.48123038978903615,14.272727272727273,9.0
8908,144.214,2.1298000000000004,26.3,0.0,2.0,5.0,0.0,0.0,0.0,0.0,0.875,2.0,10.0,60.0,0.4361738106721368,2.838589121813916,89.25838096618135,-0.53,62.568913158156434,7.819990956308912,4.770055610029662,9.47,6.588063754427392,0.30212286792609416,-0.46587768667366286,63.145833333333336,53.69230769230769
3893,200.32199999999997,3.991900000000002,37.3,1.0,1.0,10.0,0.0,0.0,0.0,0.0,0.9166666666666666,2.0,14.0,84.0,0.5412525786782162,2.884064614706359,132.28341890015258,-0.53,87.70937013843205,10.648418081055103,6.770055610029663,13.47,10.550192461908578,0.3028395565321837,-0.481230389785217,40.274193548387096,11.5
8914,144.258,2.7293000000000016,20.23,1.0,1.0,7.0,0.0,0.0,0.0,0.0,1.0,1.0,10.0,62.0,0.5446193762686498,2.6476048489438337,44.68995593589281,-0.04,64.45302169519843,7.6568542494923815,4.914213562373096,9.96,8.960000000000003,0.043052407228889054,-0.3963765693422825,35.76923076923077,7.666666666666667
8918,186.295,3.3001000000000023,26.3,0.0,2.0,8.0,0.0,0.0,0.0,0.0,0.9090909090909091,2.0,13.0,78.0,0.4292208034093734,2.8729187591669154,121.25868639907948,-0.53,81.66373950134629,9.941311299868556,6.270055610029663,12.47,9.557183958151702,0.30212286792610354,-0.4658776866679909,39.86842105263158,1.0
15037,147.177,2.1294000000000004,18.07,0.0,2.0,2.0,2.0,2.0,0.0,0.0,0.1111111111111111,2.0,11.0,56.0,0.6359461805524929,2.1363284329450027,261.92400783837525,-1.4400000000000002,65.06690061164406,7.518661569058182,5.449489742783179,6.281705693296602,2.660712663481871,0.12292588889897237,-0.4674546068662528,28.67924528301887,27.0
61771,154.253,2.791800000000001,17.07,0.0,1.0,2.0,1.0,0.0,1.0,1.0,0.9,1.0,11.0,64.0,0.5974090084553279,2.4700357043729846,139.80820345864822,-0.33,69.17942100391356,8.267584713501616,5.253218857624055,8.763720712277413,3.8898032952513764,0.1357416500593573,-0.29939213024993294,50.98039215686274,22.272727272727273
145742,115.13199999999999,-0.17700000000000032,49.33,2.0,2.0,1.0,1.0,0.0,1.0,1.0,0.8,3.0,8.0,46.0,0.4982089208893278,2.3499367387767807,96.60179219723159,-0.5700000000000001,47.69880636773457,5.983127663125442,3.8045304526403108,5.564589502018842,2.1320002271579725,0.32019187971860097,-0.4800807667669501,22.84090909090909,14.666666666666666
8697,144.214,2.2874,37.3,1.0,1.0,5.0,0.0,0.0,0.0,0.0,0.875,2.0,10.0,60.0,0.6423719745530849,3.500355906453629,99.43071362054202,-0.53,62.249601680845565,7.983127663125442,4.718744015013407,9.47,5.270170381876186,0.305976471817206,-0.48102658929509645,38.1063829787234,33.0
994,165.19199999999998,0.641,63.31999999999999,2.0,2.0,3.0,1.0,1.0,0.0,0.0,0.2222222222222222,3.0,12.0,64.0,0.6904627990029388,2.584604082397521,258.4908622767174,-1.35,70.82187601193928,8.974691494688164,5.698377302757663,8.743896713615024,3.8752009284976325,0.32031550163956013,-0.48007770020344237,50.861111111111114,34.1875
9012,246.4,4.768200000000004,0.0,0.0,2.0,5.0,2.0,2.0,0.0,0.0,0.14285714285714285,2.0,16.0,82.0,0.5504188095909515,1.6982174709605096,356.0952225964737,-0.8600000000000001,104.86456369143437,11.054195474990921,7.949489742783179,11.620307839244283,6.664326608425625,0.028837892328064153,-0.08900492893961662,26.79245283018868,30.555555555555557
9024,192.25800000000004,2.570800000000001,26.3,0.0,2.0,3.0,1.0,1.0,0.0,0.0,0.4166666666666667,2.0,14.0,76.0,0.687890739535066,2.6338700234273666,301.3575848525983,-1.31,84.89612313542727,10.604448006685086,6.494800481421252,10.76880220646178,4.268883037144003,0.30266766807706735,-0.4595006874222226,52.45161290322581,29.0
9025,138.16599999999997,1.7038,18.46,0.0,2.0,2.0,1.0,1.0,0.0,0.0,0.25,2.0,10.0,54.0,0.6189113153967103,2.8711457287957725,188.91749419417292,-1.1800000000000002,60.38837780730394,7.397341225498538,4.863703305156274,6.933378684807257,3.1068549717952316,0.12205427277394269,-0.49662481371835643,49.74545454545454,30.6
5363491,140.182,1.6818,26.3,0.0,2.0,3.0,0.0,0.0,0.0,0.0,0.375,2.0,10.0,56.0,0.4401054177885761,3.266842181757335,145.33658100079688,-1.05,61.18970709378793,7.819990956308912,4.770055610029662,8.949999999999998,6.075786163522011,0.30243988471867883,-0.46163380028538226,50.38181818181818,26.555555555555557
165675,156.26899999999998,2.4395000000000007,20.23,1.0,1.0,1.0,1.0,0.0,1.0,1.0,1.0,1.0,11.0,66.0,0.6179494584335713,2.437159260034696,120.0411847243922,-0.04,69.8121326560658,8.430721420318147,5.109060905280623,9.05124087591241,3.5728285052475055,0.05729302557713651,-0.39282090888948124,52.04347826086956,43.875
27440,127.21199999999999,2.01392,12.89,0.0,2.0,1.0,1.0,1.0,0.0,0.0,0.5,2.0,8.0,44.0,0.5620621340231867,2.8375414305653286,168.79139338038127,-0.3700000000000001,53.38624071404479,5.983127663125442,3.825698502695489,5.761061598951508,2.2660930762188523,0.09248519451900304,-0.24661026554380272,16.62264150943396,17.0
61809,129.184,1.5417999999999998,22.12,0.0,3.0,2.0,1.0,1.0,0.0,0.0,0.4,3.0,8.0,44.0,0.6039370220976388,2.500248651523409,138.1487155813629,-0.5700000000000001,52.13484382915506,5.819990956308912,3.931851652578137,5.564589502018842,2.667813604184344,0.27256212023027393,-0.470336498785672,24.314814814814813,31.272727272727273
27457,122.17099999999998,1.34742,25.78,0.0,2.0,1.0,1.0,1.0,0.0,0.0,0.42857142857142855,2.0,9.0,48.0,0.5615020463476318,3.0065240073265844,195.86256853719752,-0.92,54.96552542457981,6.69023444431199,4.342535255101096,6.203762376237624,2.575842781557067,0.061260998993182464,-0.25809572774768436,31.166666666666668,24.57894736842105
565690,240.38699999999997,4.036500000000004,26.3,0.0,2.0,4.0,1.0,0.0,1.0,1.0,0.9333333333333333,2.0,17.0,100.0,0.6932760923102123,2.5411887782600364,245.30637471046484,-0.53,106.11767680540345,12.999635521070495,7.896754605515326,14.530716454159078,6.415362941519811,0.30582549329536773,-0.46203843844268994,56.906976744186046,19.0
85522,120.173,0.5223999999999999,26.3,0.0,3.0,2.0,0.0,0.0,0.0,0.0,0.75,3.0,7.0,42.0,0.4969156463070179,3.002590528674132,62.71013448036486,-0.18000000000000005,47.232254725935256,5.698670612749268,3.308060412490447,6.82,3.9918213058419236,0.315101341527536,-0.4683892990298717,17.87037037037037,37.7
641256,98.145,1.111,20.23,1.0,1.0,2.0,0.0,0.0,0.0,0.0,0.3333333333333333,1.0,7.0,40.0,0.5128210775284905,3.0894120113310404,72.24920506009684,-0.56,43.97898928764008,5.535533905932738,3.414213562373095,6.4399999999999995,5.439999999999999,0.06149635415267212,-0.3922958172392454,48.0,37.0
15606,172.268,2.910000000000001,26.3,0.0,2.0,7.0,0.0,0.0,0.0,0.0,0.9,2.0,12.0,72.0,0.43573251046428424,2.9517571314463957,110.40620687739316,-0.53,75.29879738694967,9.234204518682008,5.8080604124904465,11.47,8.565510983763133,0.3050018388563536,-0.46899542782059145,57.770833333333336,27.23076923076923
15654,125.19599999999998,2.09452,12.89,0.0,2.0,1.0,1.0,1.0,0.0,0.0,0.16666666666666666,2.0,8.0,42.0,0.5597361692936834,3.0923246047453685,190.16353462744055,-0.63,52.69663768186053,5.983127663125442,3.8425352551010956,5.505685210312076,2.092227094578511,0.08005737156921032,-0.24939043195837152,21.345454545454544,5.333333333333333
440967,136.238,2.9987000000000013,0.0,0.0,0.0,0.0,3.0,0.0,3.0,3.0,0.8,0.0,10.0,56.0,0.44898299940434644,2.2310808128795734,174.47733175670794,-0.26,63.32246471815629,7.3533711511285205,4.621027033568037,6.450201165867344,1.6637425470500236,-0.014905781855990822,-0.09956033328791052,54.84848484848485,20.375
519539,141.23899999999998,2.656600000000001,12.89,0.0,2.0,2.0,1.0,1.0,0.0,0.0,0.5714285714285714,2.0,9.0,50.0,0.616688075497997,2.6481520026205443,157.43389644544925,-0.3700000000000001,59.751182828441394,6.69023444431199,4.342535255101096,6.745874855156431,2.9681446747654134,0.09524019333303632,-0.24943355890611568,25.69090909090909,24.125
106997,182.307,2.9737000000000022,20.23,1.0,1.0,1.0,2.0,0.0,2.0,2.0,1.0,1.0,13.0,76.0,0.6607191035503038,2.452002229204356,226.52408831375317,-0.04,81.53618573132978,9.905777393935816,5.872938668488908,9.512540619535145,2.3060202991452994,0.07512973901925137,-0.38876491566229887,37.17307692307692,39.5
5318599,128.21499999999997,2.1152,20.23,1.0,1.0,5.0,0.0,0.0,0.0,0.0,0.75,1.0,9.0,54.0,0.4438835716658287,2.8164790976838736,66.96788691072805,-0.3,57.39847654861755,6.949747468305834,4.414213562373095,8.699999999999998,7.6999999999999975,0.061191954478132915,-0.3923075261942246,36.53703703703704,35.833333333333336
641423,188.226,2.4290000000000003,26.3,0.0,2.0,4.0,1.0,1.0,0.0,0.0,0.08333333333333333,2.0,14.0,72.0,0.41183799798276943,2.475070178678002,325.4347828061791,-1.8299999999999996,83.51691707105876,10.22576835024473,6.825698502695489,10.252169268693507,5.753808168678648,0.3305777645029058,-0.45830926517145604,52.355555555555554,38.0
16255,214.34899999999996,3.936200000000003,26.3,0.0,2.0,9.0,0.0,0.0,0.0,0.0,0.9230769230769231,2.0,15.0,90.0,0.42909507174786393,3.1867036220491194,152.61494265021685,-0.53,94.39362373013948,11.518661569058182,7.163902460147014,14.47,10.0037640634843,0.3052776847852411,-0.4656642491471405,57.57575757575758,55.0
16324,128.17099999999996,1.5157,26.3,0.0,2.0,4.0,0.0,0.0,0.0,0.0,0.5714285714285714,2.0,9.0,52.0,0.4235170841352768,3.156081337890433,97.089273230246,-0.79,55.51436801157557,7.112884175122364,4.308060412490447,8.210000000000003,5.348696255201112,0.3055835466656064,-0.46145376806307603,23.745454545454546,24.0
89440,258.405,4.792620000000005,17.07,0.0,1.0,1.0,2.0,1.0,1.0,0.0,0.6111111111111112,1.0,19.0,104.0,0.6616827347493545,2.754631816447549,534.866419318812,-1.11,116.96639943877078,14.585421958697399,8.570221323455531,14.302294745904305,4.1934204183182615,0.15957604064149758,-0.2945011154165519,67.70588235294117,59.0
16537,182.263,2.684400000000001,26.3,0.0,2.0,3.0,1.0,0.0,1.0,0.0,0.7272727272727273,2.0,13.0,74.0,0.49521367095524915,2.576458050574965,216.13016856543942,-0.79,79.96830531563279,9.897341225498538,6.059678737419713,10.291900081900083,3.9454392082491943,0.2931204361916755,-0.46157016264800427,37.75,25.333333333333332
61293,160.213,1.1006,46.53,1.0,3.0,5.0,0.0,0.0,0.0,0.0,0.875,3.0,11.0,66.0,0.6124713727660991,3.401935882602145,111.90479812045972,-0.5700000000000001,67.36314691035246,8.69023444431199,5.201907262607799,10.430000000000001,6.160248407637458,0.30789834733827326,-0.46589829855413917,47.29090909090909,30.0
1550470,140.18199999999996,1.6818,26.3,0.0,2.0,3.0,0.0,0.0,0.0,0.0,0.375,2.0,10.0,56.0,0.3384745094712062,3.5557765325518487,145.33658100079688,-1.05,61.18970709378793,7.819990956308912,4.808060412490447,8.949999999999998,6.075786163522011,0.33022885954614406,-0.462825110490433,35.31481481481482,31.142857142857142
520108,127.16799999999998,1.3457,29.96,0.0,3.0,1.0,1.0,1.0,0.0,0.0,0.2,3.0,8.0,42.0,0.5327739151913196,2.9283752374267684,180.3185566594942,-0.7000000000000001,51.182820699691945,5.983127663125442,3.8045304526403108,5.4369863013698625,2.0460978147762745,0.18779776596545103,-0.29183367249342773,46.26923076923077,30.653846153846153
62444,118.201,1.6761,17.07,0.0,2.0,2.0,0.0,0.0,0.0,0.0,0.8,2.0,7.0,42.0,0.5483902655688309,3.002590528674132,61.10049400592804,0.019999999999999962,48.483651610824985,5.698670612749268,3.308060412490447,7.02,4.18611295681063,0.1881623078886249,-0.28724446655799896,4.962962962962963,1.6666666666666667
88454,158.24099999999999,2.5199000000000007,26.3,0.0,2.0,6.0,0.0,0.0,0.0,0.0,0.8888888888888888,2.0,11.0,66.0,0.4383150695699537,2.9549874302986416,99.73585546369786,-0.53,68.93385527255305,8.52709773749546,5.308060412490447,10.47,7.575596620908132,0.3049964096695763,-0.4656825273560184,52.05882352941177,29.307692307692307
32594,166.224,1.6837,35.010000000000005,0.0,3.0,3.0,1.0,1.0,0.0,0.0,0.5555555555555556,3.0,12.0,66.0,0.6849180454482466,2.8178076345417207,248.03878061771368,-1.12,72.80895488287989,8.974691494688164,5.736382105218448,8.971911764705881,4.043932928601682,0.2348267828819507,-0.47969611846213744,31.2,22.6
2733294,142.19799999999998,1.9058,26.3,0.0,2.0,4.0,0.0,0.0,0.0,0.0,0.625,2.0,10.0,58.0,0.44240899016517027,3.099384273623795,116.42599881712918,-0.79,61.87931012597218,7.819990956308912,4.770055610029662,9.210000000000003,6.331802679658953,0.30243970508070495,-0.46164579412315687,41.15094339622642,28.88888888888889
8456,180.24699999999999,2.698300000000001,29.46,1.0,2.0,1.0,1.0,1.0,0.0,0.0,0.45454545454545453,2.0,13.0,72.0,0.7196204900637714,3.191702676530764,297.44885548394535,-1.18,79.16389267318289,10.06047793231507,5.947706970623635,9.90460236886633,3.2857524238519376,0.11907032868407832,-0.5076493680895532,46.0,48.0
5367706,204.26900000000003,3.1997000000000018,26.3,0.0,2.0,5.0,1.0,1.0,0.0,0.0,0.3076923076923077,2.0,15.0,80.0,0.4180097555110065,2.2820220355887875,314.5676547509674,-1.5699999999999998,90.57146221763963,10.932875131431278,7.342535255101096,11.50446016381236,6.8207438060960595,0.3376282014554835,-0.4617670552151034,40.829268292682926,12.0
595928,164.20399999999998,2.1205,18.46,0.0,2.0,1.0,2.0,1.0,1.0,1.0,0.4,2.0,12.0,64.0,0.6325916162295112,2.113241499000559,245.27530899395384,-0.8600000000000001,72.11243088256792,8.38890505706126,5.860173345306138,7.771837784876604,3.251795949014893,0.18385324835179778,-0.3456962119332799,45.45454545454545,16.2
220674,198.30599999999998,3.0103000000000018,26.3,0.0,2.0,2.0,1.0,0.0,1.0,1.0,0.9166666666666666,2.0,14.0,82.0,0.6374825410921272,2.5834409878142726,198.49841012019365,-0.53,87.02285046221364,10.71517847069432,6.502907755397974,11.544239049740165,4.809052280157554,0.30240989225307174,-0.4622484455056599,56.854838709677416,19.545454545454547
17525,172.26799999999997,2.910000000000001,26.3,0.0,2.0,7.0,0.0,0.0,0.0,0.0,0.9,2.0,12.0,72.0,0.4357325104642842,3.0296226214745263,110.40620687739316,-0.53,75.29879738694966,9.234204518682008,5.808060412490447,11.47,8.565510983763133,0.30526689547192,-0.4656751311718119,34.083333333333336,22.0
17617,196.28999999999994,3.076100000000002,26.3,0.0,2.0,5.0,1.0,0.0,1.0,1.0,0.75,2.0,14.0,80.0,0.4986865969990717,2.057173990050199,180.76075065686052,-0.79,86.33324743002942,10.22576835024473,6.825698502695489,11.285700227100682,6.632365644941887,0.30560486258523123,-0.4614535137032214,60.886792452830186,42.25
520296,226.35999999999996,4.222800000000004,26.3,0.0,2.0,8.0,1.0,0.0,1.0,1.0,0.9285714285714286,2.0,16.0,94.0,0.4572559352992841,1.8831734845202297,189.17436284790148,-0.53,99.75273469100689,11.639981912617825,7.82569850269549,13.53464124111183,8.602365926837047,0.30555643471557065,-0.4623635345672857,43.653333333333336,28.3
62465,152.19299999999996,1.9631999999999996,29.46,1.0,2.0,2.0,1.0,1.0,0.0,0.0,0.3333333333333333,2.0,11.0,60.0,0.7015523595771087,3.021543291114781,243.3180909119066,-1.18,66.43400844438968,8.267584713501616,5.274386907679233,7.921832993890022,3.281754133191849,0.16024866489325998,-0.5042546045190337,41.7037037037037,30.85
93375,138.20999999999998,2.1776999999999997,17.07,0.0,1.0,1.0,1.0,0.0,1.0,0.0,0.6666666666666666,1.0,10.0,56.0,0.40068075782837514,2.628483589436032,158.11120144674905,-0.5900000000000001,62.12487585733268,7.560477932315068,4.736382105218447,7.516269925611053,2.9983950259759062,0.12315798473930632,-0.3030652365292175,40.666666666666664,42.9
17898,124.14299999999999,0.7936199999999999,35.010000000000005,0.0,3.0,1.0,1.0,1.0,0.0,0.0,0.3333333333333333,3.0,9.0,48.0,0.554890814658104,3.0065240073265844,200.0042779872738,-1.12,53.71412853969009,6.69023444431199,4.342535255101096,6.006903553299492,2.436852267698209,0.23451921569123996,-0.47970385152173434,34.27272727272727,31.058823529411764
9256,85.131,1.1430999999999998,12.89,0.0,2.0,0.0,1.0,1.0,0.0,0.0,0.0,2.0,5.0,26.0,0.4600956630432944,3.1250000000000004,63.369930610534254,-0.37,34.291414370854966,3.5355339059327378,2.5,2.8459827213822897,1.1712676273155165,0.07907482891218305,-0.2531776446963614,43.17142857142857,28.5
9261,80.09,0.4765999999999999,25.78,0.0,2.0,0.0,1.0,1.0,0.0,0.0,0.0,2.0,6.0,30.0,0.4525571430979931,3.000000000000001,77.47078006212229,-0.9200000000000002,35.870699081389986,4.242640687119286,3.0,3.2768503937007876,1.4998028396056793,0.04510753126065995,-0.2615195591346822,44.785714285714285,58.5
18467,110.11599999999999,0.48519999999999985,35.010000000000005,0.0,3.0,1.0,1.0,1.0,0.0,0.0,0.2,3.0,8.0,42.0,0.5271940515548245,2.8320858350070908,151.77465843030146,-1.12,47.34918642529346,5.819990956308912,3.931851652578137,5.025348837209303,2.255093406168672,0.23146898616964506,-0.4798959128567988,37.28846153846154,30.055555555555557
3578033,152.193,2.28052,30.21,0.0,2.0,3.0,1.0,1.0,0.0,0.0,0.4444444444444444,2.0,11.0,60.0,0.6217984838640012,2.672998285605827,237.46570148385047,-1.05,66.2119650556006,8.267584713501616,5.236382105218448,8.050502512562813,3.37301098671755,0.12020858899841472,-0.46609559111676935,27.90909090909091,21.75
18554,96.12899999999998,1.842,13.14,0.0,1.0,1.0,1.0,1.0,0.0,0.0,0.3333333333333333,1.0,7.0,38.0,0.5195790437613876,2.762608341443769,118.73595983423269,-0.72,42.95561661236702,5.112884175122364,3.431851652578137,4.439235668789809,1.8249824900374354,0.10298009445277805,-0.46937984635173974,34.38636363636363,36.0
61918,150.18099999999998,1.2415999999999998,42.85,0.0,3.0,2.0,1.0,1.0,0.0,0.0,0.375,3.0,11.0,58.0,0.5955396809871265,3.121219318886156,270.54949758389114,-1.25,65.49198963902018,8.267584713501616,5.253218857624055,7.852564102564102,3.2328911956939637,0.1794766371743765,-0.29269786965102074,25.745454545454546,34.5
5365049,156.225,2.2959000000000005,26.3,0.0,2.0,5.0,0.0,0.0,0.0,0.0,0.6666666666666666,2.0,11.0,64.0,0.3466076124301593,3.1387848595791468,127.52442279202945,-0.79,68.2442522403688,8.52709773749546,5.308060412490447,10.21,7.318577633007602,0.3050073873898257,-0.4653524802126074,64.40384615384616,35.27272727272727
18827,128.21499999999997,2.1136000000000004,20.23,1.0,1.0,5.0,0.0,0.0,0.0,0.0,0.75,1.0,9.0,54.0,0.4438756147272759,2.96362233860398,68.96788691072807,-0.3,57.39847654861755,7.112884175122364,4.3080604124904465,8.699999999999998,5.829870129870128,0.07178455473957936,-0.38906063596882545,40.27272727272727,28.583333333333332
6999977,146.18599999999998,0.7104999999999999,46.53,1.0,3.0,4.0,0.0,0.0,0.0,0.0,0.8571428571428571,3.0,10.0,60.0,0.469053749412426,3.222476034247819,99.02434166397533,-0.5700000000000001,60.99820479595584,7.983127663125442,4.680739212552622,9.430000000000001,5.233374532892362,0.3341577746610871,-0.46378420276128934,50.212765957446805,25.22222222222222
9589,121.13899999999997,1.2842,29.96,0.0,2.0,1.0,1.0,1.0,0.0,0.0,0.14285714285714285,2.0,9.0,46.0,0.5237435952028574,2.981454614041131,205.415952604261,-1.1800000000000002,53.54245742928045,6.69023444431199,4.304530452640311,5.947877237851663,2.3955617406597787,0.16084733812645566,-0.29445077145812815,32.29090909090909,25.375
101604,208.301,2.9320000000000013,26.3,0.0,2.0,3.0,3.0,0.0,3.0,1.0,0.7692307692307693,2.0,15.0,84.0,0.5262782049717686,1.8841565490979726,301.6578138422799,-0.79,91.69235839089676,11.05204176387779,7.014873883685389,10.718679495176234,3.6558120886772536,0.3021340154420503,-0.4655364442636103,70.62745098039215,37.90909090909091
2682,242.44699999999992,5.460000000000006,20.23,1.0,1.0,14.0,0.0,0.0,0.0,0.0,1.0,1.0,17.0,104.0,0.4009684425805356,2.846262262649495,108.69358616951132,-0.04,109.00761649597472,12.606601717798217,8.414213562373096,16.96,15.959999999999999,0.04305240722888907,-0.3963765693422825,35.411764705882355,53.0
5363388,142.198,1.9058,26.3,0.0,2.0,4.0,0.0,0.0,0.0,0.0,0.625,2.0,10.0,58.0,0.3402461316750794,3.047630004121517,116.42599881712918,-0.79,61.87931012597218,7.819990956308912,4.770055610029662,9.210000000000003,6.331802679658953,0.30213384598093784,-0.4655476395955242,63.83018867924528,32.28
62900,156.22499999999997,2.1282000000000005,26.3,0.0,2.0,3.0,1.0,0.0,1.0,1.0,0.8888888888888888,2.0,11.0,64.0,0.5849677140841099,2.2830608768528755,142.498159394541,-0.53,67.92802411902382,8.267584713501616,5.236382105218448,8.565510983763133,3.744394582478372,0.30598034601050306,-0.46205258527491344,69.74074074074075,38.48148148148148
62902,144.21399999999997,1.9857,26.3,0.0,2.0,4.0,0.0,0.0,0.0,0.0,0.875,2.0,10.0,60.0,0.5638542074438334,3.4852555681751167,99.43071362054202,-0.53,62.568913158156434,7.983127663125442,4.718744015013407,9.47,5.270170381876186,0.3081325553398265,-0.4657732505084265,74.51851851851852,34.82142857142857
98330,152.24,0.10320000000000007,40.46,2.0,4.0,0.0,1.0,0.0,1.0,1.0,1.0,4.0,8.0,48.0,0.5164334408182427,2.1923771580194713,60.43856189774725,0.6199999999999999,56.66293377261265,5.983127663125441,3.7876937002347035,6.736009280742459,2.960887569557492,0.10847773520180196,-0.3815847920821319,13.796296296296296,25.46153846153846
61325,142.154,0.8521,35.53,0.0,3.0,1.0,1.0,0.0,1.0,0.0,0.5714285714285714,3.0,10.0,56.0,0.5441538232273598,2.8507175133065847,193.02790021234802,-0.99,59.62208208755323,7.723614639131599,4.663902460147014,7.120987791342951,2.3254872294179196,0.2403825391199337,-0.48999285200353243,25.962962962962962,48.75
61331,242.27399999999997,2.843300000000001,35.53,0.0,3.0,4.0,2.0,2.0,0.0,0.0,0.13333333333333333,3.0,18.0,92.0,0.6105866287636265,2.032830420904826,520.2717401788738,-2.2899999999999996,105.97193622780836,12.794682450997078,8.792024997884274,12.174429825362497,5.866349526790589,0.31528414051948256,-0.4928430973197878,37.224489795918366,6.0
5365027,142.242,2.5053000000000014,20.23,1.0,1.0,6.0,0.0,0.0,0.0,0.0,0.7777777777777778,1.0,10.0,60.0,0.44601847330053473,2.831324584147559,76.79745154591336,-0.3,63.763418663014164,7.6568542494923815,4.914213562373096,9.700000000000001,8.699999999999998,0.06119195447814232,-0.3923075261942246,34.74074074074074,35.625
5352539,170.252,2.541900000000001,26.3,0.0,2.0,5.0,0.0,0.0,0.0,0.0,0.7,2.0,12.0,70.0,0.3598574935028998,3.3140735413076987,147.9175691117035,-0.79,74.60919435476539,9.397341225498538,5.680739212552622,11.21,6.891817639246214,0.3078721358712549,-0.4651565545673874,47.074074074074076,31.0
637563,148.20499999999996,2.728300000000001,9.23,0.0,1.0,2.0,1.0,1.0,0.0,0.0,0.2,1.0,11.0,58.0,0.6262155548658499,2.824041735031504,233.55461928814682,-1.24,67.31511377440602,8.104448006685086,5.363703305156274,7.862459016393442,3.814282937664862,0.1184005895910664,-0.49676782421707494,62.13725490196079,20.48148148148148
61337,152.14899999999997,1.6224,39.44,0.0,3.0,3.0,1.0,1.0,0.0,0.0,0.125,3.0,11.0,58.0,0.4876870144150425,2.493498354506893,235.84966620571817,-1.51,64.27096513852662,8.104448006685086,5.342535255101096,7.595374077976819,3.607707076422454,0.3740242025094225,-0.45733818611432575,31.867924528301888,15.75
444683,74.12299999999999,0.7771999999999999,20.23,1.0,1.0,1.0,0.0,0.0,0.0,0.0,1.0,1.0,5.0,32.0,0.4869274292842043,2.5395388613593908,17.609640474436812,-0.04,32.62831112321538,4.284457050376173,2.270055610029662,4.960000000000001,2.212525252525253,0.05090390435353903,-0.39343008722162376,50.166666666666664,32.0
5367698,218.29600000000002,3.1286000000000023,26.3,0.0,2.0,6.0,1.0,1.0,0.0,0.0,0.35714285714285715,2.0,16.0,86.0,0.41635846043902763,2.189397533078497,327.84839499722005,-1.5699999999999998,96.93640433203625,11.639981912617825,7.825698502695489,12.499300069300068,7.686756841859208,0.3097632777705194,-0.46510118478997725,40.08510638297872,21.0
650,86.08999999999999,0.1644,34.14,0.0,2.0,1.0,0.0,0.0,0.0,0.0,0.5,2.0,6.0,34.0,0.42594168943823185,3.567703455043203,71.5488750216347,-0.66,36.1571215711069,5.1547005383792515,2.6427344100918364,5.34,1.6978532452412014,0.19451404848392276,-0.2912343143503756,24.462962962962962,36.5
159055,152.237,2.401700000000001,17.07,0.0,1.0,0.0,2.0,0.0,2.0,2.0,0.9,1.0,11.0,62.0,0.520631018455888,2.4741517243797517,216.91266689075218,-0.33,68.17358985038432,8.276020881938894,4.982998800364115,7.326147454014241,1.701311022684903,0.13909874627049698,-0.2990642887496957,52.333333333333336,24.25
2758,154.25300000000001,2.7441000000000013,9.23,0.0,1.0,0.0,3.0,0.0,3.0,3.0,1.0,1.0,11.0,64.0,0.5210255264729504,2.223991853197867,160.9567031494677,-0.04,69.12561297984743,8.112884175122364,5.019385277895634,7.600932428048904,2.0070319396307648,0.06617640341770793,-0.3691300164664661,62.528301886792455,26.307692307692307
521238,172.26799999999997,2.908400000000001,26.3,0.0,2.0,6.0,0.0,0.0,0.0,0.0,0.9,2.0,12.0,72.0,0.4546055576147594,3.458030106225766,121.0069869280358,-0.53,75.29879738694966,9.397341225498538,5.701907262607799,11.47,7.137067494977612,0.3023991777341423,-0.4625775738990312,58.97560975609756,36.6
21057,114.18799999999997,1.7235,20.23,1.0,1.0,4.0,0.0,0.0,0.0,0.0,0.7142857142857143,1.0,8.0,48.0,0.5516400746479188,2.975409490043988,59.407165571558394,-0.3,51.03353443422095,6.405777393935816,3.808060412490447,7.7,4.849253731343284,0.07178438197662376,-0.389060637437473,24.27777777777778,16.0
2214,166.17599999999996,1.6033999999999997,46.53,1.0,3.0,2.0,1.0,1.0,0.0,0.0,0.2222222222222222,3.0,12.0,64.0,0.6786166527324063,3.1343002499495434,304.64199945095794,-1.51,70.59553054443343,9.137828201504695,5.647065707741407,8.585328884652048,3.2579530539373915,0.16069995325019046,-0.5042543208289495,55.13793103448276,32.5
10364,150.22099999999998,2.8240200000000013,20.23,1.0,1.0,1.0,1.0,1.0,0.0,0.0,0.4,1.0,11.0,60.0,0.6522740358347691,3.051645448959173,251.04973178598325,-0.98,67.6854053292794,8.430721420318147,5.1090609052806215,8.119800399201598,2.9516118607817234,0.11826521587600204,-0.5076764818518633,48.03636363636364,29.928571428571427
10400,112.172,1.9097,17.07,0.0,1.0,0.0,1.0,0.0,1.0,1.0,0.8571428571428571,1.0,8.0,46.0,0.4373370857739533,2.26669651519302,76.38761556290453,-0.33,50.08459466072374,5.819990956308912,3.893846850117352,5.8003780964797915,2.852684594293651,0.13241132445136486,-0.29971790898555595,40.8235294117647,15.0
62351,147.268,1.8423,12.36,0.0,3.0,4.0,0.0,0.0,0.0,0.0,0.8,3.0,8.0,46.0,0.34161023884700503,2.820451987953242,86.42945954287093,0.14999999999999997,59.57623224384622,6.242640687119286,3.914213562373095,8.150000000000002,7.1499999999999995,0.058444795696649114,-0.2325086192902623,25.185185185185187,22.133333333333333
5779,150.13,-2.5823,90.15,4.0,5.0,1.0,1.0,0.0,1.0,1.0,1.0,5.0,10.0,60.0,0.3293435256733101,2.526211434209837,116.6059378176129,-0.2,57.48366857017767,7.723614639131598,4.663902460147014,7.90204081632653,2.811342155009452,0.18357030543930578,-0.39356650008442756,48.39473684210526,36.5
5780,182.172,-3.585399999999998,121.38000000000001,6.0,6.0,5.0,0.0,0.0,0.0,0.0,1.0,6.0,12.0,74.0,0.2612626527203185,3.985164450858579,104.6059378176129,-0.24000000000000002,69.32936411298864,9.723614639131597,5.540111220059325,11.760000000000002,5.413461330448892,0.1105786065313125,-0.393579134968567,44.96774193548387,21.833333333333332
262,90.12199999999999,-0.252,40.46,2.0,2.0,1.0,0.0,0.0,0.0,0.0,1.0,2.0,6.0,38.0,0.46574414882903137,2.9934972434784735,26.529325012980813,-0.08,37.4225448754114,5.1547005383792515,2.6427344100918364,5.92,2.157216946676406,0.07678369378081897,-0.39073832390870694,53.46153846153846,38.5625
1551246,149.237,3.2026800000000017,23.79,0.0,1.0,3.0,0.0,0.0,0.0,0.0,0.5,1.0,11.0,60.0,0.4462404503718859,3.6542779838994157,199.4028918864252,-1.03,69.03710367449922,8.69023444431199,5.163902460147014,9.97,5.732166137328737,0.09109480193579737,-0.19310049789526787,64.52727272727273,37.285714285714285
5610,137.18200000000002,0.8933999999999995,46.25,2.0,2.0,2.0,1.0,1.0,0.0,0.0,0.25,2.0,10.0,54.0,0.6356000391866201,2.693803452362809,192.91749419417292,-1.02,60.2954117974989,7.397341225498537,4.825698502695488,7.091358574610246,3.2248465665342856,0.11509485320619212,-0.5079666452003015,58.0,56.0
78925,92.163,0.34169999999999995,20.23,1.0,2.0,2.0,0.0,0.0,0.0,0.0,1.0,2.0,5.0,32.0,0.5298012133733342,2.19060968716425,14.364527976600282,0.31,36.38647903418403,4.121320343559642,2.414213562373095,5.309999999999999,4.309999999999998,0.052111471196516566,-0.39551874145077365,34.129629629629626,29.333333333333332
5862,121.16099999999999,-0.6719,63.31999999999999,3.0,3.0,2.0,0.0,0.0,0.0,0.0,0.6666666666666666,4.0,7.0,42.0,0.42438150224218985,3.3434170589539596,75.33515884998701,-0.22000000000000008,46.919848469276985,5.8618073195657985,3.1807392125526213,6.78,2.872924704797209,0.32082221100587355,-0.4800638842024688,39.0,18.0
10722,120.15099999999998,1.80752,17.07,0.0,1.0,1.0,1.0,1.0,0.0,0.0,0.125,1.0,9.0,46.0,0.5163635148900696,3.1479791300397526,215.56254955650076,-1.11,54.32280944833394,6.69023444431199,4.342535255101096,6.016742712294044,2.4437525520871133,0.14981509489238046,-0.2978855399676184,52.654545454545456,30.058823529411764
21363,142.198,2.0414,37.3,1.0,1.0,2.0,1.0,0.0,1.0,1.0,0.875,2.0,10.0,58.0,0.640209249383152,2.191916391200333,114.42599881712918,-0.53,61.24377052731635,7.397341225498538,4.787693700234704,7.575596620908132,3.5925082832361293,0.30312190287821383,-0.4812228089357561,28.78846153846154,31.666666666666668
10748,176.17099999999996,1.8015999999999996,39.44,0.0,3.0,1.0,2.0,2.0,0.0,0.0,0.1,3.0,13.0,66.0,0.6217528067929762,2.7464340184300338,484.7389947562001,-1.77,74.55789391918846,9.259148545064338,6.292024997884274,7.857386378147379,2.9356784233252684,0.33569252137286315,-0.4966236152545836,59.27450980392157,26.666666666666668
325,150.22099999999995,2.3023000000000002,20.23,1.0,1.0,2.0,1.0,1.0,0.0,0.0,0.4,1.0,11.0,60.0,0.6854842883251321,2.8274086041001762,210.81931585565167,-0.8200000000000001,67.6854053292794,8.267584713501616,5.236382105218448,8.278231827111984,3.5360505755490106,0.06813727025648839,-0.39168046569181536,40.354838709677416,15.25
10882,130.18699999999998,1.7397,26.3,0.0,2.0,4.0,0.0,0.0,0.0,0.0,0.8571428571428571,2.0,9.0,54.0,0.5416729314973412,3.0613168393721577,78.98533616859814,-0.53,56.203971043759836,7.112884175122364,4.308060412490447,8.470000000000002,5.603868808567606,0.3052672446877203,-0.46596920888428434,71.42592592592592,30.483870967741936
10886,186.29499999999993,3.3001000000000023,26.3,0.0,2.0,8.0,0.0,0.0,0.0,0.0,0.9090909090909091,2.0,13.0,78.0,0.4292208034093733,3.10508253630658,121.25868639907948,-0.53,81.66373950134627,9.941311299868556,6.308060412490447,12.47,9.557183958151702,0.3052775140641399,-0.4656750060205082,53.84,46.666666666666664
10890,158.24099999999996,2.5199000000000007,26.3,0.0,2.0,6.0,0.0,0.0,0.0,0.0,0.8888888888888888,2.0,11.0,66.0,0.43831506956995364,3.040425665876032,99.73585546369786,-0.53,68.93385527255305,8.52709773749546,5.308060412490447,10.47,7.575596620908132,0.3052668954667954,-0.4656751326557104,55.82,30.6
10895,130.18699999999998,1.5956000000000001,26.3,0.0,2.0,3.0,0.0,0.0,0.0,0.0,0.8571428571428571,2.0,9.0,54.0,0.5422095914375367,3.168818865415548,86.91694057588533,-0.53,56.20397104375982,7.276020881938894,4.163902460147014,8.470000000000002,4.3587538349811625,0.30500622729667,-0.465409267126182,58.55102040816327,40.9375
62572,132.159,0.3204000000000001,46.53,1.0,3.0,3.0,0.0,0.0,0.0,0.0,0.8333333333333334,3.0,9.0,54.0,0.5623769753174953,3.2711920488970017,88.30376252379816,-0.5700000000000001,54.63326268155923,7.276020881938894,4.163902460147014,8.43,4.322705118842072,0.30788710660280816,-0.4658984330964024,75.42553191489361,34.035714285714285
104721,150.18099999999998,1.2960399999999999,42.85,0.0,3.0,1.0,1.0,1.0,0.0,0.0,0.375,3.0,11.0,58.0,0.5664524611228309,3.1960696621259204,294.14357423078934,-1.2500000000000002,65.49198963902016,8.430721420318147,5.109060905280623,7.852564102564102,2.7797520661157025,0.17946589662431164,-0.2926980716405867,31.545454545454547,21.666666666666668
21648,164.204,1.9137999999999997,37.3,1.0,2.0,3.0,1.0,1.0,0.0,0.0,0.3,2.0,12.0,64.0,0.7405311470971961,2.5298890742894535,261.6719978261822,-1.31,71.84692742932317,8.974691494688164,5.6815405503520555,8.783545369504209,3.90441914542027,0.12967082345175643,-0.5079666452403971,50.59183673469388,16.09090909090909
62089,158.24099999999999,2.6775,37.3,1.0,1.0,6.0,0.0,0.0,0.0,0.0,0.8888888888888888,2.0,11.0,66.0,0.644897874064034,3.216336825600936,110.13036060964238,-0.53,68.6145437952422,8.69023444431199,5.163902460147014,10.47,6.197598478027457,0.3028500701886003,-0.481230263109442,28.980392156862745,20.0
11086,135.16599999999994,1.4714,43.09,1.0,2.0,1.0,1.0,1.0,0.0,0.0,0.125,2.0,10.0,52.0,0.46774711095910787,3.1529414466808685,255.1894333808838,-1.31,59.662700145346655,7.560477932315068,4.71521405516327,6.805074798619103,2.5185440606017586,0.1613675995148645,-0.3981396114108058,57.45454545454545,39.25
11124,88.106,0.5694,26.3,0.0,2.0,1.0,0.0,0.0,0.0,0.0,0.75,2.0,6.0,36.0,0.43785087777866244,2.9881608821342693,43.50977500432694,-0.53,37.10914470057002,4.99156383156272,2.808060412490447,5.469999999999999,2.693713646532438,0.30472073144092393,-0.4690029502830051,55.785714285714285,34.42857142857143
750,75.06700000000001,-0.9702999999999999,63.31999999999999,2.0,2.0,1.0,0.0,0.0,0.0,0.0,0.5,3.0,5.0,30.0,0.42117088793654706,2.847378923087672,42.91260938324327,-0.5700000000000001,29.39983969147865,4.284457050376173,2.270055610029662,4.43,1.7215451895043727,0.3167559784055858,-0.4802971300243957,53.2962962962963,59.333333333333336
5950,89.09400000000001,-0.5817999999999999,63.31999999999999,2.0,2.0,1.0,0.0,0.0,0.0,0.0,0.6666666666666666,3.0,6.0,36.0,0.4513521877377077,3.2575861612334887,59.813537528125096,-0.5700000000000001,35.76478180587526,5.1547005383792515,2.6427344100918364,5.43,1.7676338396942162,0.3196779563386595,-0.4800942338470611,45.92857142857143,67.0
753,92.09399999999998,-1.6681000000000001,60.69,3.0,3.0,2.0,0.0,0.0,0.0,0.0,1.0,3.0,6.0,38.0,0.3814944322102413,2.754184786037662,25.219280948873624,-0.12,35.8518365132108,4.99156383156272,2.808060412490447,5.88,3.0849180327868857,0.10004702601723477,-0.39359331612066945,42.74074074074074,69.0
5960,133.103,-1.1269999999999998,100.61999999999999,3.0,3.0,3.0,0.0,0.0,0.0,0.0,0.5,5.0,9.0,52.0,0.45202125503537777,3.632432151939845,132.52932501298082,-1.1,51.08547977251163,7.439157588755425,4.036581260209188,7.8999999999999995,3.032306526953668,0.32057810707028217,-0.48117538323698905,34.958333333333336,64.0
5961,146.146,-1.336199999999999,106.41,3.0,3.0,4.0,0.0,0.0,0.0,0.0,0.6,5.0,10.0,58.0,0.4560917735982506,3.490729660390813,145.8284895747849,-1.1,57.996078831724944,8.146264369941973,4.536581260209188,8.9,3.8375573921028465,0.3199828445702351,-0.4800862864649938,51.708333333333336,54.75
33032,147.13,-0.736899999999999,100.61999999999999,3.0,3.0,4.0,0.0,0.0,0.0,0.0,0.6,5.0,10.0,58.0,0.485975530954351,3.490729660390813,144.58337707694838,-1.1,57.45042188690824,8.146264369941973,4.536581260209188,8.9,3.8375573921028465,0.3199840300766228,-0.48122949062943815,47.473684210526315,49.0
5962,146.19,-0.47269999999999873,89.34,3.0,3.0,5.0,0.0,0.0,0.0,0.0,0.8333333333333334,4.0,10.0,60.0,0.45717715849655716,3.2148768968244483,105.9209386162151,-0.6100000000000001,60.199498846077795,7.983127663125442,4.680739212552622,9.39,5.19660435670694,0.3199673002470266,-0.480086447570925,27.41176470588235,28.666666666666668
5362798,156.26899999999998,2.8954000000000018,20.23,1.0,1.0,7.0,0.0,0.0,0.0,0.0,0.8,1.0,11.0,66.0,0.44364586291770974,2.9108650912750687,86.87356687344439,-0.3,70.12836077741079,8.36396103067893,5.414213562373096,10.7,9.700000000000001,0.043347903291075636,-0.39636483793677235,49.24528301886792,13.8
1030,76.095,-0.6405,40.46,2.0,2.0,1.0,0.0,0.0,0.0,0.0,1.0,2.0,5.0,32.0,0.43583499661104974,2.5395388613593908,18.854752972273342,-0.08,31.057602761014785,4.284457050376173,2.270055610029662,4.920000000000001,2.1751020408163266,0.0742386440636602,-0.39370004219776616,42.5,8.5
11419,112.172,1.7656,17.07,0.0,1.0,0.0,1.0,0.0,1.0,1.0,0.8571428571428571,1.0,8.0,46.0,0.4664054785302647,2.3927135778709268,96.55994821726517,-0.33,50.084594660723724,5.983127663125442,3.804530452640311,5.8003780964797915,2.2931845310981096,0.13519971478507345,-0.2994148859068625,31.555555555555557,3.5
11428,88.14999999999999,1.1673,20.23,1.0,1.0,2.0,0.0,0.0,0.0,0.0,1.0,1.0,6.0,38.0,0.536831757483578,2.754184786037662,23.11941547876375,-0.04,38.99325323761199,4.99156383156272,2.808060412490447,5.959999999999999,3.1616129032258065,0.05345927998804686,-0.3931530406217647,34.0188679245283,20.25
11525,112.172,1.7656,17.07,0.0,1.0,0.0,1.0,0.0,1.0,1.0,0.8571428571428571,1.0,8.0,46.0,0.4664054785302647,2.292321282391447,86.55994821726517,-0.33,50.08459466072374,5.983127663125442,3.787693700234704,5.8003780964797915,2.2931845310981096,0.13243195542561695,-0.29971752878253716,36.86,44.5
11527,130.231,2.3376000000000006,20.23,1.0,1.0,5.0,0.0,0.0,0.0,0.0,1.0,1.0,9.0,56.0,0.5662247345927632,2.8766225950797444,52.52932501298081,-0.04,58.08807958080181,7.112884175122364,4.3080604124904465,8.960000000000003,6.08562814070352,0.053722027374585764,-0.3931422119493266,38.18181818181818,28.625
11529,130.18699999999998,1.7397,26.3,0.0,2.0,4.0,0.0,0.0,0.0,0.0,0.8571428571428571,2.0,9.0,54.0,0.4277197407264159,2.9730624080867365,78.98533616859814,-0.53,56.203971043759836,7.112884175122364,4.308060412490447,8.470000000000002,5.603868808567606,0.30499640831904673,-0.4656827145891555,54.55769230769231,34.05882352941177
11567,112.172,1.7656,17.07,0.0,1.0,0.0,1.0,0.0,1.0,1.0,0.8571428571428571,1.0,8.0,46.0,0.4664054785302647,2.336356083029012,96.55994821726517,-0.33,50.084594660723724,5.983127663125442,3.787693700234704,5.8003780964797915,2.2931845310981096,0.13267712672475132,-0.2997066458387008,45.5,22.545454545454547
11569,136.14999999999998,1.5076999999999998,26.3,0.0,2.0,2.0,1.0,1.0,0.0,0.0,0.125,2.0,10.0,52.0,0.575816465118545,2.9754097819804963,230.45412994838867,-1.31,59.43635467784082,7.397341225498538,4.863703305156274,6.805074798619103,3.011779444695785,0.1496853179760996,-0.4967438177784737,52.96078431372549,23.90909090909091
11583,100.16099999999999,1.7656,17.07,0.0,1.0,3.0,0.0,0.0,0.0,0.0,0.8333333333333334,1.0,7.0,42.0,0.5278529243600644,2.8219389370591843,57.20035947603792,-0.33,44.725483699856355,5.698670612749268,3.270055610029662,6.670000000000001,3.84636684303351,0.1293397726031704,-0.30003102499487694,42.22222222222222,41.666666666666664
61138,100.11699999999998,1.0372000000000001,37.3,1.0,1.0,3.0,0.0,0.0,0.0,0.0,0.4,2.0,7.0,40.0,0.5377642424966691,2.9670528832697762,76.14933958998697,-0.79,42.465172305471505,5.698670612749268,3.270055610029662,6.210000000000001,3.401938579654511,0.30315476539613473,-0.48122220198165344,14.10909090909091,17.25
11614,102.13299999999998,0.9595,26.3,0.0,2.0,4.0,0.0,0.0,0.0,0.0,0.8,2.0,7.0,42.0,0.3900893193176149,2.558780869327957,43.34481288877288,-0.53,43.474086814966626,5.535533905932738,3.414213562373095,6.47,5.469999999999999,0.2925755176100331,-0.46790117334695996,45.38297872340426,45.1
440917,136.238,3.308900000000002,0.0,0.0,0.0,1.0,1.0,0.0,1.0,0.0,0.6,0.0,10.0,56.0,0.48503449155951595,2.495412226862891,162.8771237954945,-0.52,63.63869283950127,7.560477932315068,4.698377302757663,7.585485232067512,3.0462804076265617,-0.017096319446087898,-0.099849370815529,52.58536585365854,38.5
6050,302.367,2.3849,78.9,0.0,6.0,11.0,0.0,0.0,0.0,0.0,0.8,6.0,21.0,122.0,0.4305129614668875,4.287522366637344,304.12553193989925,-1.59,125.67364261803401,16.08757566981053,10.027605765303289,19.409999999999997,12.17357108746933,0.3057965516551162,-0.46158002288534256,22.192307692307693,20.142857142857142
22310,170.25199999999998,1.881,29.46,1.0,2.0,2.0,1.0,0.0,1.0,1.0,0.8,2.0,12.0,70.0,0.641097356911441,2.6254766272838315,180.76782581216128,-0.34,74.23607485338843,9.405777393935816,5.372938668488908,9.745763293310464,2.856854871227551,0.08689485905355698,-0.38776422630294205,46.51111111111111,36.0
6054,122.16699999999997,1.2213999999999998,20.23,1.0,1.0,2.0,1.0,1.0,0.0,0.0,0.25,1.0,9.0,48.0,0.6249752698115418,2.61489994009295,157.4784207656209,-0.8200000000000001,54.955521100486195,6.52709773749546,4.431851652578137,6.302249388753057,3.2539886368490754,0.04709448741986934,-0.3960313152991432,52.763636363636365,27.666666666666668
6057,181.19099999999997,0.3465999999999994,83.55,3.0,3.0,3.0,1.0,1.0,0.0,0.0,0.2222222222222222,4.0,13.0,70.0,0.6277204469356521,2.641763904889644,294.23305328030176,-1.55,75.61610976413529,9.84493498269124,6.092224152875016,9.537336244541484,3.909515505702705,0.32031550178849594,-0.5079666451758841,43.96,27.333333333333332
22386,88.14999999999999,1.1673,20.23,1.0,1.0,2.0,0.0,0.0,0.0,0.0,1.0,1.0,6.0,38.0,0.536831757483578,2.6272148478988635,25.11941547876375,-0.04,38.99325323761199,4.99156383156272,2.770055610029662,5.959999999999999,3.1616129032258065,0.051156559616146215,-0.3934194524776186,35.53846153846154,14.0
5280450,280.4519999999999,5.884500000000005,37.3,1.0,1.0,14.0,0.0,0.0,0.0,0.0,0.7222222222222222,2.0,20.0,116.0,0.3182616134760953,3.1737658828976505,266.5917875070114,-1.05,124.51981676044319,14.891058768174391,9.770055610029663,18.95,16.005710306406684,0.30283955653219446,-0.4812303897852169,31.433962264150942,26.6
61151,166.17599999999996,1.4818,35.53,0.0,3.0,2.0,1.0,1.0,0.0,0.0,0.2222222222222222,3.0,12.0,64.0,0.6240969235528273,3.0445058359443875,280.85706625991145,-1.51,70.9148420217443,8.974691494688164,5.79122366008484,8.585328884652048,3.7588733548338538,0.3411403368739377,-0.49585551083784674,48.1025641025641,28.166666666666668
11902,126.11099999999998,1.0661999999999998,39.44,0.0,3.0,1.0,1.0,1.0,0.0,0.0,0.16666666666666666,3.0,9.0,48.0,0.528065214128836,2.770351770759627,188.0777065981282,-1.25,52.23068394191766,6.69023444431199,4.342535255101096,5.879032258064516,2.3476331360946747,0.3734321914378502,-0.4631561005590191,37.15094339622642,46.666666666666664
61155,166.17599999999996,1.6205,35.53,0.0,3.0,2.0,1.0,1.0,0.0,0.0,0.2222222222222222,3.0,12.0,64.0,0.49436998136205745,2.888941299537265,280.85706625991145,-1.51,70.9148420217443,8.974691494688164,5.736382105218448,8.585328884652048,3.7588733548338538,0.30765653215696864,-0.4928431006702042,37.37735849056604,23.166666666666668
11980,140.13799999999998,1.4563,39.44,0.0,3.0,2.0,1.0,1.0,0.0,0.0,0.2857142857142857,3.0,10.0,54.0,0.5835172363463462,2.593351893305189,200.63561258325018,-1.25,58.595626056314266,7.397341225498538,4.842535255101096,6.864285714285714,3.055570578691184,0.37369762554591324,-0.4601298704349617,42.75555555555555,13.5
12020,86.134,0.9433,20.23,1.0,1.0,2.0,0.0,0.0,0.0,0.0,0.6,1.0,6.0,36.0,0.49577643139372596,2.964900494759056,41.20310343869659,-0.3,38.30365020542773,4.99156383156272,2.808060412490447,5.699999999999999,2.9127659574468083,0.07152150672178825,-0.38907155574632313,40.68181818181818,39.125
6106,131.17499999999995,0.44439999999999996,63.31999999999999,2.0,2.0,3.0,0.0,0.0,0.0,0.0,0.8333333333333334,3.0,9.0,54.0,0.5839472301812021,3.5016884512730915,101.23098268032228,-0.5700000000000001,54.859608149065075,7.439157588755425,4.036581260209188,8.43,3.454517317421779,0.319977946620586,-0.48008631732626356,46.35897435897436,35.5
5364231,172.22400000000002,1.2667,46.53,1.0,3.0,5.0,0.0,0.0,0.0,0.0,0.6666666666666666,3.0,12.0,70.0,0.3856495610927086,3.3140735413076987,149.85263754543286,-0.8300000000000001,73.0384859925648,9.397341225498538,5.680739212552622,11.17,6.85414484699312,0.3341687503396898,-0.4634539677283671,51.67272727272727,45.0
12097,110.112,1.40052,30.21,0.0,2.0,1.0,1.0,1.0,0.0,0.0,0.16666666666666666,2.0,8.0,42.0,0.511297688774923,2.996351569493271,188.16353462744055,-1.05,47.11713871241078,5.983127663125442,3.825698502695489,5.09388489208633,1.8200415093161888,0.184817085055597,-0.45859157492050534,59.325581395348834,34.5
2346,149.218,2.2894000000000005,12.36,0.0,2.0,2.0,1.0,1.0,0.0,0.0,0.125,2.0,10.0,50.0,0.46394379383002254,2.668766186135439,236.69432088304723,-0.98,65.41539008135518,7.234204518682008,4.931851652578137,7.130864745011085,3.9365262289791674,0.07428491722122622,-0.22770479129246085,15.127272727272727,22.75
12178,102.17699999999999,1.5574,20.23,1.0,1.0,3.0,0.0,0.0,0.0,0.0,1.0,1.0,7.0,44.0,0.5729664843005482,2.8318199660707837,35.161259458730164,-0.04,45.3581953520086,5.698670612749268,3.308060412490447,6.96,4.127785234899329,0.05371190517855693,-0.39314239558269437,33.79611650485437,41.5
12180,102.13299999999998,0.9595,26.3,0.0,2.0,2.0,0.0,0.0,0.0,0.0,0.8,2.0,7.0,42.0,0.485245073645189,3.002590528674132,59.10049400592804,-0.53,43.47408681496662,5.698670612749268,3.308060412490447,6.47,3.6528153564899446,0.3049912187974062,-0.4689955544512965,32.88461538461539,42.7
12206,116.15999999999998,1.3496000000000001,26.3,0.0,2.0,3.0,0.0,0.0,0.0,0.0,0.8333333333333334,2.0,8.0,48.0,0.5200986676423002,2.988598647973156,68.92878689342031,-0.53,49.83902892936323,6.405777393935816,3.808060412490447,7.470000000000001,4.624559505409582,0.3050016578853253,-0.4689954288253525,42.372549019607845,31.6
12265,95.14500000000001,1.63154,15.79,1.0,0.0,0.0,1.0,1.0,0.0,0.0,0.3333333333333333,1.0,7.0,38.0,0.5037728344707744,3.042002767407289,136.46855847366513,-0.72,43.37044776930448,5.276020881938894,3.287693700234704,4.439235668789809,1.4107848491213335,0.01172737520076912,-0.36274154093623395,53.03703703703704,28.68
12297,102.17699999999998,1.5574,20.23,1.0,1.0,3.0,0.0,0.0,0.0,0.0,1.0,1.0,7.0,44.0,0.5729664843005482,2.678257743164726,33.161259458730164,-0.04,45.3581953520086,5.698670612749268,3.270055610029662,6.96,4.127785234899329,0.05116650925229809,-0.3934192704931502,42.333333333333336,24.5
12327,214.34899999999996,4.080300000000003,26.3,0.0,2.0,10.0,0.0,0.0,0.0,0.0,0.9230769230769231,2.0,15.0,90.0,0.40438545208052856,3.010539816526667,143.47137920080513,-0.53,94.39362373013951,11.355524862241651,7.308060412490448,14.47,11.544239049740165,0.3052674256589853,-0.4659692078794496,50.093023255813954,31.23076923076923
12348,130.18699999999998,1.7397,26.3,0.0,2.0,4.0,0.0,0.0,0.0,0.0,0.8571428571428571,2.0,9.0,54.0,0.4277197407264159,2.8288681349096856,78.98533616859814,-0.53,56.203971043759836,7.112884175122364,4.270055610029662,8.470000000000002,5.603868808567606,0.3021228679209696,-0.4658776881575564,57.51063829787234,35.05882352941177
12377,150.31199999999998,3.187800000000002,0.0,0.0,2.0,5.0,0.0,0.0,0.0,0.0,1.0,2.0,8.0,50.0,0.43588278802005387,2.53006045688352,31.509775004326936,0.7,60.21014373689273,6.242640687119286,3.914213562373095,8.699999999999998,7.6999999999999975,0.0034270164033086354,-0.09417055176624087,35.92727272727273,41.18181818181818
61177,130.18699999999998,1.7397,26.3,0.0,2.0,6.0,0.0,0.0,0.0,0.0,0.8571428571428571,2.0,9.0,54.0,0.4041080326632856,2.663883887398184,61.93649058453921,-0.53,56.203971043759836,6.949747468305834,4.414213562373095,8.470000000000002,7.470000000000003,0.29257551896057543,-0.4679009861306095,49.0377358490566,30.7
61386,270.45699999999994,5.496600000000005,26.3,0.0,2.0,13.0,0.0,0.0,0.0,0.0,0.9411764705882353,2.0,19.0,114.0,0.326266318321389,3.1407417895296073,199.43874567421344,-0.53,119.85339218772594,14.347088693804373,9.163902460147016,18.470000000000002,13.891409452809675,0.3052776847852512,-0.4656642491471405,47.708333333333336,19.0
6137,149.215,0.15140000000000003,63.31999999999999,2.0,3.0,4.0,0.0,0.0,0.0,0.0,0.8,4.0,9.0,54.0,0.596996208092774,3.2659073992264416,96.95878455585174,-0.22000000000000006,58.61777606003371,7.276020881938894,4.180739212552622,8.779999999999998,4.6392732499312475,0.31999919762538026,-0.4800860693347356,31.5,29.636363636363637
12506,144.17,0.7284999999999999,35.53,0.0,3.0,2.0,1.0,0.0,1.0,1.0,0.8571428571428571,3.0,10.0,58.0,0.5357732126563338,2.0664853449426195,116.0196268605625,-0.5700000000000001,60.31168511973748,7.397341225498538,4.787693700234704,7.536044538706258,3.562154412456972,0.3022180946391013,-0.4631132250076155,40.56,43.285714285714285
22873,200.32199999999995,3.6902000000000026,26.3,0.0,2.0,9.0,0.0,0.0,0.0,0.0,0.9166666666666666,2.0,14.0,84.0,0.41890454460111903,3.1012237818066595,132.28341890015258,-0.53,88.02868161574288,10.648418081055103,6.808060412490447,13.47,10.550192461908578,0.30527751406926446,-0.4656750045366096,48.19444444444444,27.0
61185,214.34899999999993,4.080300000000004,26.3,0.0,2.0,10.0,0.0,0.0,0.0,0.0,0.9230769230769231,2.0,15.0,90.0,0.40438545208052856,3.114608360908606,143.47137920080513,-0.53,94.3936237301395,11.355524862241651,7.308060412490447,14.47,11.544239049740165,0.30527751550718696,-0.46567500601668665,48.37931034482759,20.0
6140,165.19199999999998,0.641,63.31999999999999,2.0,2.0,3.0,1.0,1.0,0.0,0.0,0.2222222222222222,3.0,12.0,64.0,0.6904627990029388,2.584604082397521,258.4908622767174,-1.35,70.82187601193928,8.974691494688164,5.698377302757663,8.743896713615024,3.8752009284976325,0.32031550163956013,-0.48007770020344237,44.34375,12.5
1001,121.18299999999999,1.1878,26.02,1.0,1.0,2.0,1.0,1.0,0.0,0.0,0.25,1.0,9.0,48.0,0.6245074471542004,2.61489994009295,157.4784207656209,-0.8200000000000001,55.5011780453029,6.52709773749546,4.431851652578137,6.302249388753057,3.2539886368490754,-0.0036698097858793143,-0.330142607194819,29.11320754716981,33.285714285714285
702,46.069,-0.0014000000000000123,20.23,1.0,1.0,0.0,0.0,0.0,0.0,0.0,1.0,1.0,3.0,20.0,0.40680796565539457,1.6329931618554523,2.754887502163469,-0.04,19.89842689442217,2.7071067811865475,1.4142135623730951,2.9600000000000004,1.96,0.040220581749086416,-0.3966637147812598,60.925925925925924,33.42857142857143
5352837,128.215,2.1152,20.23,1.0,1.0,5.0,0.0,0.0,0.0,0.0,0.75,1.0,9.0,54.0,0.44388357166582876,2.8164790976838736,66.96788691072805,-0.3,57.39847654861755,6.949747468305834,4.414213562373095,8.699999999999998,7.6999999999999975,0.043063426717098494,-0.3963763730930606,59.31481481481482,27.285714285714285
12580,136.19399999999996,2.344700000000001,20.23,1.0,1.0,2.0,1.0,1.0,0.0,0.0,0.3333333333333333,1.0,10.0,54.0,0.6612373528142194,2.6938034523628094,188.3881691811921,-0.98,61.3204632148828,7.397341225498538,4.825698502695489,7.130864745011085,3.254508450235671,0.11509484010720059,-0.5079666452523571,36.679245283018865,10.714285714285714
439570,150.22099999999998,2.4879000000000007,17.07,0.0,1.0,1.0,1.0,0.0,1.0,0.0,0.5,1.0,11.0,60.0,0.5247132375688095,2.6982942003127257,223.02727634487292,-0.8500000000000001,67.80021493954503,8.430721420318147,5.109060905280622,8.248522167487685,3.0354524341669897,0.15836923542949272,-0.2945568590881993,78.2,30.821428571428573
5371102,220.26800000000003,2.9053000000000018,46.53,1.0,3.0,5.0,1.0,1.0,0.0,0.0,0.3076923076923077,3.0,16.0,86.0,0.47120876321627625,2.4144167341440093,369.19538535705436,-1.7699999999999998,95.36569596983564,11.803118619434356,7.753218857624055,12.300274068868585,6.665645355301882,0.3414188721485763,-0.5070527991566958,48.125,29.333333333333332
61192,185.248,1.5571199999999998,39.19,0.0,4.0,3.0,1.0,1.0,0.0,0.0,0.5,4.0,12.0,66.0,0.6706818376885788,2.3324954030321603,269.7765060552071,-0.9000000000000001,75.39119227238864,8.974691494688164,5.698377302757663,9.19009009009009,4.206936270811327,0.3021346943540678,-0.4654909204241217,34.37735849056604,28.857142857142858
243,122.12299999999996,1.3848,37.3,1.0,1.0,1.0,1.0,1.0,0.0,0.0,0.0,2.0,9.0,46.0,0.6106035394285075,2.9814546140411315,203.415952604261,-1.31,52.75210108613335,6.69023444431199,4.304530452640311,5.820039011703511,2.306763635550358,0.33517823467103924,-0.47763925058011736,34.86206896551724,22.25
6202,337.27599999999995,-1.966459999999998,75.91,2.0,5.0,4.0,2.0,2.0,0.0,0.0,0.4166666666666667,8.0,20.0,112.0,0.6352026131224129,1.804999496816812e-06,562.3855051631195,-0.95,134.26279755169793,13.120955864630139,8.613392202930195,19.05,8.362006725072808,0.22499599742970383,-1.0,36.37735849056604,24.1875
5281168,98.14499999999998,1.5416,17.07,0.0,1.0,3.0,0.0,0.0,0.0,0.0,0.5,1.0,7.0,40.0,0.3862877991333781,2.921195900565516,64.58027134782355,-0.5900000000000001,44.035880667672096,5.535533905932738,3.414213562373095,6.41,5.41,0.14201803733976104,-0.29857631082421043,30.88679245283019,10.0
887,32.042,-0.3915,20.23,1.0,1.0,0.0,0.0,0.0,0.0,0.0,1.0,1.0,2.0,14.0,0.38528440447384316,1.0,2.0,-0.04,13.533484780025564,2.0,1.0,1.96,0.9600000000000016,0.03194068371772811,-0.3996302435573072,42.65217391304348,66.66666666666667
3776,60.096000000000004,0.38710000000000006,20.23,1.0,1.0,0.0,0.0,0.0,0.0,0.0,1.0,1.0,4.0,26.0,0.42840479403162834,2.3237900077244498,8.0,-0.04,26.263369008818774,3.5773502691896257,1.7320508075688772,3.9600000000000004,1.297837837837838,0.04834761180869219,-0.3937069016405105,41.1,31.0
180,58.08,0.5952999999999999,17.07,0.0,1.0,0.0,0.0,0.0,0.0,0.0,0.6666666666666666,1.0,4.0,24.0,0.3982369618339747,2.8030394876740514,26.264662506490403,-0.33,25.63065735666653,3.5773502691896257,1.7320508075688772,3.67,1.0445318352059925,0.12626794356014373,-0.30034390268719197,51.225806451612904,47.5
679,78.13600000000001,-0.005299999999999971,17.07,0.0,1.0,0.0,0.0,0.0,0.0,0.0,1.0,2.0,4.0,26.0,0.3981850774633207,2.8030394876740514,29.019550008653873,0.14999999999999997,28.478447345802074,3.5773502691896257,1.7320508075688772,4.150000000000002,1.4674603174603182,0.014804214088221839,-0.2601579626577377,32.12903225806452,48.5
6213,94.135,-0.33919999999999995,34.14,0.0,2.0,0.0,0.0,0.0,0.0,0.0,1.0,3.0,5.0,32.0,0.4113012117885555,4.062942298971397,90.81635834269238,-0.050000000000000044,31.72959152401275,4.5,2.0,4.95,0.9709730951204013,0.1441041774452434,-0.2294144591416005,47.64,15.4
16220109,182.263,2.852100000000001,26.3,0.0,2.0,5.0,0.0,0.0,0.0,0.0,0.5454545454545454,2.0,13.0,74.0,0.2826823131668123,3.542099200372377,202.13581850944655,-1.05,80.28453343697775,10.104448006685086,6.218744015013407,11.95,7.591445352847464,0.3328812227423106,-0.46201726541083504,47.630434782608695,21.5
23235,206.28500000000003,3.423700000000002,26.3,0.0,2.0,6.0,1.0,1.0,0.0,0.0,0.46153846153846156,2.0,15.0,82.0,0.5262670689187882,2.195736743827031,279.84724402839953,-1.31,91.26106524982389,10.932875131431278,7.342535255101096,11.763046018991963,7.044412146426886,0.3376172200636039,-0.4620971134782722,38.84146341463415,19.75
10857465,236.39899999999997,4.408000000000004,9.23,0.0,1.0,0.0,3.0,0.0,3.0,3.0,1.0,1.0,17.0,98.0,0.605188619866083,1.9773447987737445,317.4868683012557,-0.04,106.30943451269785,12.311554787871634,7.8854106816800735,12.017522832879347,3.4968945224083297,0.06883409897038813,-0.374964983303486,62.84444444444444,12.5
12741,156.269,3.3260000000000023,17.07,0.0,1.0,7.0,0.0,0.0,0.0,0.0,0.9,1.0,11.0,66.0,0.5166405270281391,2.849761282233442,97.04589952780505,-0.33,70.18525215744279,8.52709773749546,5.270055610029662,10.67,7.7734126163391934,0.1293399502822748,-0.30003102349469607,49.458333333333336,42.9
12748,99.158,1.45152,12.89,0.0,2.0,0.0,1.0,1.0,0.0,0.0,0.25,2.0,6.0,32.0,0.47943025980521636,3.049648321313926,111.10850553448523,-0.37,40.65635648525158,4.405777393935816,2.893846850117352,3.807619893428064,1.3879287893368277,0.0794068550356591,-0.2500517536856064,29.408163265306122,39.9
12810,170.25199999999998,2.6624000000000008,26.3,0.0,2.0,4.0,1.0,0.0,1.0,1.0,0.9,2.0,12.0,70.0,0.4786654741539233,2.097727745725677,142.77400566229178,-0.53,74.29296623342044,8.811554787871634,5.82569850269549,9.557183958151702,5.175013037303056,0.30555643471556115,-0.4623635345729879,69.29629629629629,33.92307692307692
12813,170.25199999999998,2.6624000000000008,26.3,0.0,2.0,5.0,1.0,0.0,1.0,1.0,0.9,2.0,12.0,70.0,0.46809996999041825,1.966275194979551,142.77400566229178,-0.53,74.29296623342044,8.811554787871634,5.82569850269549,9.557183958151702,5.175013037303056,0.3056979856420554,-0.4623451259224647,64.85185185185185,21.733333333333334
6274,155.15699999999998,-0.6358999999999995,92.0,3.0,3.0,3.0,1.0,1.0,0.0,0.0,0.3333333333333333,5.0,11.0,60.0,0.5411944991131042,2.4987607772382443,231.98525149250435,-1.36,63.25068441390008,8.267584713501615,5.198377302757663,7.743734439834026,3.156503765422208,0.3203762050978384,-0.4800769784103622,44.333333333333336,25.0
61204,184.27899999999997,3.052500000000002,26.3,0.0,2.0,5.0,1.0,0.0,1.0,1.0,0.9090909090909091,2.0,13.0,76.0,0.48461922198410123,2.0310083549721614,154.16926858274718,-0.53,80.65790834781706,9.518661569058182,6.32569850269549,10.550192461908578,6.005092742461228,0.3055564347155706,-0.4623635345672962,60.74074074074074,28.0
1031,60.096,0.3887,20.23,1.0,1.0,1.0,0.0,0.0,0.0,0.0,1.0,1.0,4.0,26.0,0.46378398302396845,1.9747448713915894,5.245112497836532,-0.04,26.26336900881878,3.414213562373095,1.914213562373095,3.9600000000000004,2.9600000000000004,0.04278927992053377,-0.3963873506323362,49.73529411764706,33.375
6276,88.14999999999999,1.1689,20.23,1.0,1.0,3.0,0.0,0.0,0.0,0.0,1.0,1.0,6.0,38.0,0.513281356352027,2.3390923149762908,15.900134529890124,-0.04,38.99325323761199,4.82842712474619,2.914213562373095,5.959999999999999,4.960000000000001,0.04305223345357217,-0.39637657079600636,23.897435897435898,22.0
241,78.11399999999999,1.6866,0.0,0.0,0.0,0.0,1.0,1.0,0.0,0.0,0.0,0.0,6.0,30.0,0.4426283718993647,3.000000000000001,71.96100505779535,-0.78,37.43140311949697,4.242640687119286,3.0,3.4115708812260532,1.6057694396735218,-0.062268570782092456,-0.062268570782092456,51.73076923076923,44.0
251531,216.236,2.679100000000001,39.44,0.0,3.0,4.0,2.0,2.0,0.0,0.0,0.15384615384615385,3.0,16.0,82.0,0.7374369372322972,1.7878226937615398,431.4659706382287,-2.03,93.6527202623783,11.217332181807452,7.860173345306138,10.486553034816016,5.164087771136016,0.3737190512585152,-0.4594818514517048,58.744680851063826,20.0
6287,117.148,0.05430000000000007,63.31999999999999,2.0,2.0,2.0,0.0,0.0,0.0,0.0,0.8,3.0,8.0,48.0,0.5369765717084767,3.6376825478398387,90.42945954287093,-0.5700000000000001,48.49466603466847,6.732050807568877,3.553418012614795,7.43,2.667813604184344,0.3202358658393586,-0.48007887022192064,50.52173913043478,31.0
24020,130.18699999999998,1.5956000000000001,26.3,0.0,2.0,3.0,0.0,0.0,0.0,0.0,0.8571428571428571,2.0,9.0,54.0,0.5422095914375367,3.458823343065989,88.91694057588533,-0.53,56.203971043759836,7.276020881938894,4.218744015013407,8.470000000000002,4.3587538349811625,0.3081220786835322,-0.4657733767960979,75.07272727272728,38.25806451612903
6322,174.20399999999998,-1.548099999999999,127.71999999999998,4.0,3.0,5.0,0.0,0.0,0.0,0.0,0.6666666666666666,6.0,12.0,70.0,0.22778310351275471,3.4399088073379374,176.3868987998214,-1.3,70.43471202895063,9.560477932315068,5.5365812602091875,10.7,5.363379355687048,0.31996852377674256,-0.48008644073946455,44.61904761904762,4.0
24116,177.20299999999997,1.6116,52.32,1.0,3.0,3.0,1.0,1.0,0.0,0.0,0.1,3.0,13.0,68.0,0.43325930054722267,2.763274759761523,320.4557138372428,-1.7699999999999998,76.81652657146249,9.681798275874712,6.253218857624055,9.319047195013358,4.303970000923489,0.3400452871785432,-0.45782007673439656,51.98076923076923,34.166666666666664
61408,156.22499999999997,2.1517999999999997,26.3,0.0,2.0,5.0,0.0,0.0,0.0,0.0,0.6666666666666666,2.0,11.0,64.0,0.4500731518483515,3.687528792205726,125.52442279202945,-0.79,68.2442522403688,8.69023444431199,5.256748817474191,10.21,5.955174067405255,0.30872003125584413,-0.4612503714517054,51.549019607843135,42.083333333333336
5364729,140.18199999999996,1.6818,26.3,0.0,2.0,3.0,0.0,0.0,0.0,0.0,0.375,2.0,10.0,56.0,0.3384745094712062,3.7357043845244817,156.64052645972987,-1.05,61.18970709378792,7.983127663125442,4.718744015013407,8.949999999999998,4.793918729128304,0.33318705989498676,-0.45812594192416456,41.07272727272727,34.35294117647059
177,44.053,0.2052,17.07,0.0,1.0,0.0,0.0,0.0,0.0,0.0,0.5,1.0,3.0,18.0,0.35500761339323206,2.1874960973678963,10.264662506490406,-0.33,19.265715242269923,2.7071067811865475,1.4142135623730951,2.67,1.6699999999999997,0.1164052831422626,-0.30371526986366926,45.0,29.0
1068,62.137,0.9792,0.0,0.0,1.0,0.0,0.0,0.0,0.0,0.0,1.0,1.0,3.0,20.0,0.40281681078552906,1.6329931618554523,2.754887502163469,0.35,25.2273031675914,2.7071067811865475,1.4142135623730951,3.3499999999999996,2.35,-0.018678211888265586,-0.16886168752451367,33.56,37.6
7793,156.26899999999998,2.751300000000001,20.23,1.0,1.0,5.0,0.0,0.0,0.0,0.0,0.8,1.0,11.0,66.0,0.6067463726043822,3.3063817487883034,112.04118472439221,-0.3,70.12836077741079,8.69023444431199,5.163902460147014,10.7,6.412726002270941,0.04330667182593246,-0.3963658933537244,53.51851851851852,49.0
5366244,296.539,6.364100000000008,20.23,1.0,1.0,13.0,0.0,0.0,0.0,0.0,0.9,1.0,21.0,126.0,0.39175607133704576,3.516209888253743,254.56402909743406,-0.3,133.77778192137689,16.08757566981053,9.951596160381719,20.7,13.36896310815269,0.06144332680360657,-0.3922973714448966,44.25,52.5
6374,393.731,2.575,0.0,0.0,0.0,0.0,0.0,0.0,0.0,0.0,1.0,3.0,4.0,26.0,0.43826332672952517,2.3237900077244498,8.0,2.19,66.52476539096045,3.5773502691896257,1.7320508075688772,6.1899999999999995,3.3826782273603078,0.11356320845619725,-0.059195553240704135,36.37735849056604,29.0
807,253.808,1.7714,0.0,0.0,0.0,0.0,0.0,0.0,0.0,0.0,0.0,2.0,2.0,14.0,0.5776074734119597,1.0,0.0,1.46,36.93454135198231,2.0,1.0,3.46,2.46,0.0,0.0,51.583333333333336,21.0
24203,141.958,-8.1846,83.42,1.0,3.0,0.0,0.0,0.0,0.0,0.0,0.0,7.0,7.0,32.0,0.268640334829501,-7.999999807500005e-08,55.825383845660085,2.11,85.13342008991997,4.5,2.0,16.0500971282087,6.233304562268803,1.0,-0.7900715423358614,46.166666666666664,41.666666666666664
6386,74.12299999999999,0.7771999999999999,20.23,1.0,1.0,0.0,0.0,0.0,0.0,0.0,1.0,1.0,5.0,32.0,0.4498276567484776,3.0237157840738176,19.11941547876375,-0.04,32.62831112321538,4.5,2.0,4.960000000000001,0.9767560019818928,0.05632585341065862,-0.3907600879079809,58.833333333333336,24.142857142857142
2537,152.237,2.401700000000001,17.07,0.0,1.0,0.0,2.0,0.0,2.0,2.0,0.9,1.0,11.0,62.0,0.520631018455888,2.4741517243797517,216.91266689075218,-0.33,68.17358985038432,8.276020881938894,4.982998800364115,7.326147454014241,1.701311022684903,0.13909874627049698,-0.2990642887496957,49.479166666666664,43.166666666666664
6448,196.29,2.7643000000000013,26.3,0.0,2.0,1.0,2.0,0.0,2.0,2.0,0.9166666666666666,2.0,14.0,80.0,0.6027050642944551,2.2255402672605604,269.49529453537843,-0.53,86.01701930868441,10.560477932315068,6.376845650481467,10.0037640634843,2.7398409384801687,0.3024201724029607,-0.4619500594812354,45.18181818181818,22.5
61209,112.12799999999999,0.5545,34.14,0.0,2.0,0.0,1.0,0.0,1.0,1.0,0.6666666666666666,2.0,8.0,44.0,0.42879345144765296,2.705117350078271,137.46396159818462,-0.66,47.88117464637089,6.146264369941973,3.7152140551632704,5.476239782016348,1.6909497210884097,0.20067816821118503,-0.2908908021400908,44.611111111111114,29.5
962,18.015,-0.8247,31.5,0.0,0.0,0.0,0.0,0.0,0.0,0.0,0.0,1.0,1.0,8.0,0.3277476769246249,0.0,0.0,-0.04,6.84923118831809,0.0,0.0,0.9600000000000016,-27.040000000000028,-0.41150952193742263,-0.41150952193742263,49.07692307692308,54.666666666666664
24473,152.23699999999997,2.567800000000001,17.07,0.0,1.0,1.0,1.0,0.0,1.0,1.0,0.7,1.0,11.0,62.0,0.527654380025224,2.527424900472302,181.3117986128446,-0.5900000000000001,68.4898179717293,8.430721420318147,5.109060905280622,8.506061479346783,3.205189072281423,0.13579651142146004,-0.29939075865816656,50.166666666666664,10.666666666666666
24513,202.338,3.746000000000003,18.46,0.0,2.0,10.0,0.0,0.0,0.0,0.0,1.0,2.0,14.0,86.0,0.3966279941049361,3.042880692633989,100.49485157182099,-0.08,88.980704745206,10.648418081055103,6.846065214951233,13.92,10.997399380804952,0.1563150221208533,-0.355926827314278,53.6,37.5
6753,268.269,3.1175200000000025,95.51,0.0,5.0,3.0,1.0,1.0,0.0,0.0,0.5,7.0,19.0,104.0,0.6194580662927648,3.84340842745015,546.0312163551924,-2.1799999999999997,110.04055248038307,14.955665446700477,8.60727813312108,14.879453032104637,4.830424955832821,0.3204670427734595,-0.4899164424898348,57.73076923076923,17.0
82227,136.238,2.9987000000000013,0.0,0.0,0.0,0.0,3.0,0.0,3.0,1.0,0.8,0.0,10.0,56.0,0.44898299940434644,2.296626579720339,186.21499122004107,-0.26,63.32246471815629,7.3533711511285205,4.621027033568037,6.450201165867344,1.6637425470500236,-0.01489221970473034,-0.08501290675016873,45.62,29.142857142857142
228769,214.349,3.936200000000003,26.3,0.0,2.0,9.0,0.0,0.0,0.0,0.0,0.9230769230769231,2.0,15.0,90.0,0.429095071747864,3.129886519585144,152.61494265021685,-0.53,94.39362373013948,11.518661569058182,7.163902460147016,14.47,10.0037640634843,0.30553849532821475,-0.4656676829594952,39.354838709677416,7.5
14525,152.237,2.401700000000001,17.07,0.0,1.0,0.0,2.0,0.0,2.0,2.0,0.9,1.0,11.0,62.0,0.520631018455888,2.4164285191788353,210.15777938858872,-0.33,68.17358985038432,8.276020881938894,4.966979035088338,7.326147454014241,1.701311022684903,0.14410975306415794,-0.29847925708991024,44.59615384615385,12.875
6505,402.4840000000002,3.0984000000000016,105.20000000000002,0.0,8.0,15.0,0.0,0.0,0.0,0.0,0.8,8.0,28.0,162.0,0.23369427777601343,5.405774618963106,476.4341545895363,-2.12,166.77342051956774,21.416002794556718,13.306896738665586,25.88,14.878681172648928,0.3513690071770848,-0.46555213421750236,51.53333333333333,23.0
311,192.12300000000002,-1.2485,132.13,4.0,4.0,5.0,0.0,0.0,0.0,0.0,0.5,7.0,13.0,74.0,0.4274213512497735,4.619312134964085,227.36732222044088,-1.63,72.22546290872793,10.646264369941973,5.776380111846841,11.370000000000001,3.853986625290123,0.3364194912829884,-0.4811387749269527,46.733333333333334,35.5
6506,276.28499999999997,0.1870000000000001,99.13000000000002,1.0,7.0,8.0,0.0,0.0,0.0,0.0,0.75,7.0,19.0,110.0,0.49859625509607547,4.846201470660812,304.03958829237104,-1.63,111.37305002704016,14.88890505706126,8.890394519229197,17.37,8.468127144158156,0.33884392141170655,-0.4658776439774295,46.166666666666664,34.0
6544,138.21,2.3218000000000005,17.07,0.0,1.0,0.0,1.0,0.0,1.0,0.0,0.6666666666666666,1.0,10.0,56.0,0.5017552817864147,2.798154170206286,186.90494715593388,-0.5900000000000001,62.12487585733268,7.776020881938894,4.494800481421251,7.516269925611053,2.2238446727901677,0.15567809158093762,-0.2948441306074027,51.54,19.857142857142858
6549,154.25300000000001,2.6698000000000013,20.23,1.0,1.0,4.0,0.0,0.0,0.0,0.0,0.6,1.0,11.0,64.0,0.6171290071333285,3.705911539178391,150.25571236699292,-0.56,69.43875774522651,8.905777393935816,4.9771623912162095,10.44,4.345263593221741,0.07995432750166309,-0.38609150256085306,74.56862745098039,31.466666666666665
5355850,190.24200000000002,2.6530000000000014,26.3,0.0,2.0,4.0,1.0,1.0,0.0,0.0,0.25,2.0,14.0,74.0,0.6821195668618397,2.3140810348540293,301.3575848525983,-1.5699999999999998,84.20652010324301,10.22576835024473,6.825698502695489,10.510450522928398,5.971482790963041,0.3053134042934474,-0.4614382612038563,50.76744186046512,29.5
6560,74.12299999999999,0.6347,20.23,1.0,1.0,1.0,0.0,0.0,0.0,0.0,1.0,1.0,5.0,32.0,0.4834802442445536,2.5395388613593903,17.609640474436812,-0.04,32.62831112321538,4.284457050376173,2.270055610029662,4.960000000000001,2.212525252525253,0.045348803787554126,-0.3961098438374691,37.371428571428574,48.5
6561,72.107,0.8412999999999999,17.07,0.0,1.0,1.0,0.0,0.0,0.0,0.0,0.75,1.0,5.0,30.0,0.41938247962025627,2.825749368745867,30.62919048309069,-0.33,31.995599471063134,4.284457050376173,2.270055610029662,4.67,1.9424795640326975,0.12201601225317348,-0.30311196413781816,24.327272727272728,37.0
6569,72.107,0.9854,17.07,0.0,1.0,1.0,0.0,0.0,0.0,0.0,0.75,1.0,5.0,30.0,0.4510508050249619,2.847378923087672,38.912609383243264,-0.33,31.995599471063137,4.284457050376173,2.270055610029662,4.67,1.9424795640326975,0.1290650325260376,-0.3000423849594125,43.333333333333336,29.6
6584,74.07900000000001,0.17930000000000001,26.3,0.0,2.0,0.0,0.0,0.0,0.0,0.0,0.6666666666666666,2.0,5.0,30.0,0.38296659073251405,2.8473789230876716,40.1577218810798,-0.53,30.744202586173408,4.284457050376173,2.270055610029662,4.469999999999999,1.7581844380403455,0.3018471669894445,-0.46919810705104836,36.391304347826086,30.0
638014,192.302,3.6582000000000026,17.07,0.0,1.0,2.0,1.0,0.0,1.0,0.0,0.6153846153846154,1.0,14.0,78.0,0.6101503454772369,2.96127747123545,292.35742381695854,-0.8500000000000001,86.89504128273487,10.767584713501616,6.432357537481886,11.226045627376426,4.118968361635843,0.15212328706486747,-0.2951807665268281,49.1764705882353,34.625
6658,100.11699999999999,0.7355,26.3,0.0,2.0,1.0,0.0,0.0,0.0,0.0,0.4,2.0,7.0,40.0,0.35850815039012257,3.577919926272439,94.25327665163482,-0.79,42.78448378278237,5.861807319565799,3.1807392125526213,6.210000000000001,2.394521355353814,0.3323269847170088,-0.46567477925216716,39.31111111111111,23.8
6669,294.307,3.6199400000000033,103.35,0.0,5.0,3.0,1.0,1.0,0.0,0.0,0.5,7.0,21.0,114.0,0.4807898082802458,4.1661356749356,615.3038176152638,-2.31,121.81841357971318,16.696152422706632,9.407477288111819,16.74350454788657,5.231746945272314,0.2831422882546509,-0.2944811677245609,63.08163265306123,26.0
69963,100.16099999999999,1.335,20.23,1.0,1.0,4.0,0.0,0.0,0.0,0.0,0.6666666666666666,1.0,7.0,42.0,0.4171950861023845,2.558780869327957,41.444678358882754,-0.3,44.66859231982434,5.535533905932738,3.414213562373095,6.7,5.699999999999999,0.04306342538504736,-0.3963763730983423,48.02173913043478,21.88888888888889
13187,142.242,2.935900000000001,17.07,0.0,1.0,6.0,0.0,0.0,0.0,0.0,0.8888888888888888,1.0,10.0,60.0,0.5209988837775531,2.838589121813916,86.72905595320054,-0.33,63.82031004304618,7.819990956308912,4.770055610029662,9.67,6.785340253748558,0.1293399502822649,-0.30003102349469607,60.3469387755102,25.6875
13204,114.14399999999999,1.1019999999999999,26.3,0.0,2.0,0.0,1.0,0.0,1.0,1.0,0.8333333333333334,2.0,8.0,46.0,0.4406811446205409,2.336356083029012,98.70165766734146,-0.53,48.833197775834,5.983127663125442,3.787693700234704,5.603868808567603,2.158633811658892,0.3055463044366053,-0.46265842197349405,45.044444444444444,38.63636363636363
13216,154.253,2.3376000000000006,20.23,1.0,1.0,0.0,2.0,0.0,2.0,2.0,1.0,1.0,11.0,64.0,0.5675086712165547,1.9323192636083935,132.83446685613666,-0.04,68.80630150253658,7.68179827587471,5.360173345306138,7.600932428048904,3.139132040627886,0.054269277643262115,-0.39312010245411494,49.92,36.36363636363637
6826,165.19199999999998,1.5149,38.33,1.0,3.0,2.0,1.0,1.0,0.0,0.0,0.2222222222222222,3.0,12.0,64.0,0.6749581754269858,3.0445058359443875,283.61195376207496,-1.51,71.35115897584546,8.974691494688164,5.79122366008484,8.585328884652048,3.7588733548338538,0.33945998025977714,-0.4653617955051349,63.10204081632653,24.9
62332,242.274,2.791700000000002,46.53,1.0,3.0,4.0,2.0,2.0,0.0,0.0,0.13333333333333333,3.0,18.0,92.0,0.838455648916681,1.8788102729908105,520.2717401788738,-2.2899999999999996,105.6526247504975,12.794682450997078,8.770856947829097,12.174429825362497,5.866349526790589,0.34141923130418106,-0.507052799156672,49.23529411764706,28.75
61229,194.18599999999998,1.433,52.60000000000001,0.0,4.0,3.0,1.0,1.0,0.0,0.0,0.2,4.0,14.0,74.0,0.4146900142158888,3.0414461612681136,357.13967288700354,-1.8399999999999999,81.44130623618467,10.55204176387779,6.668233757796585,10.242236842105264,4.411323399666699,0.30765653785513236,-0.4928180488094579,72.52941176470588,38.25806451612903
13436,218.346,4.486000000000002,0.0,0.0,2.0,3.0,2.0,2.0,0.0,0.0,0.0,2.0,14.0,70.0,0.6963009038231919,1.9574758959875322,330.55201670962913,-0.8600000000000001,92.13467946264115,9.639981912617825,6.949489742783179,9.685764820975935,5.128229271195141,0.018577245127470967,-0.062188377610107724,26.56,40.77777777777778
6943,136.19399999999996,2.5156000000000014,20.23,1.0,1.0,1.0,1.0,1.0,0.0,0.0,0.3333333333333333,1.0,10.0,54.0,0.6285471901725991,3.0313278985819716,215.72318047941278,-0.98,61.32046321488279,7.560477932315068,4.71521405516327,7.130864745011085,2.7355185063164273,0.11852420666117838,-0.5076652691309628,28.77777777777778,5.0
170833,154.25299999999996,2.3596000000000004,20.23,1.0,1.0,1.0,1.0,0.0,1.0,1.0,0.8,1.0,11.0,64.0,0.5747594402184322,2.5027556956841788,150.9517669080599,-0.30000000000000004,69.12252962388155,8.430721420318147,5.109060905280623,8.793457943925233,3.3976259891711784,0.06073380621199386,-0.3924961707678541,45.074074074074076,27.0
6989,150.22099999999998,2.8240200000000013,20.23,1.0,1.0,1.0,1.0,1.0,0.0,0.0,0.4,1.0,11.0,60.0,0.6522740358347691,3.092719758380193,251.0497317859833,-0.98,67.6854053292794,8.430721420318147,5.1090609052806215,8.119800399201598,2.9516118607817234,0.11878902060847928,-0.5076548360000178,41.7962962962963,19.0
6997,122.16699999999996,1.9545999999999997,20.23,1.0,1.0,1.0,1.0,1.0,0.0,0.0,0.25,1.0,9.0,48.0,0.6032549150365025,3.0065240073265844,193.51405299160075,-0.98,54.95552110048619,6.69023444431199,4.342535255101096,6.144688279301746,2.533930223385564,0.11825136868411394,-0.5076763141588115,29.2,33.142857142857146
6998,122.12299999999996,1.2046999999999997,37.3,1.0,2.0,1.0,1.0,1.0,0.0,0.0,0.0,2.0,9.0,46.0,0.5681374031144323,3.1479791300397526,217.91106510209755,-1.31,52.75210108613335,6.690234444311989,4.342535255101096,5.820039011703511,2.306763635550358,0.15326813224881564,-0.5072100278982061,30.566037735849058,38.25
7047,129.16199999999995,2.2348,12.89,0.0,1.0,0.0,2.0,2.0,0.0,0.0,0.0,1.0,10.0,48.0,0.5311915584041305,2.8880516016579914,275.7051383449476,-1.3699999999999999,59.332715632178676,6.811554787871633,4.9663264951887856,5.417604502630561,2.102543034625172,0.07014348447327304,-0.25626672847773607,22.425925925925927,47.0
7059,143.189,2.54322,12.89,0.0,1.0,0.0,2.0,2.0,0.0,0.0,0.1,1.0,11.0,54.0,0.5519055037199659,2.8289012156206965,379.2844903986785,-1.3699999999999997,65.69765774657529,7.681798275874712,5.360173345306137,6.347187816656918,2.3473141640530213,0.07016319834702911,-0.2562663846917545,36.660377358490564,25.333333333333332
323,146.14499999999995,1.7929999999999997,30.21,0.0,2.0,0.0,2.0,2.0,0.0,0.0,0.0,2.0,11.0,54.0,0.5302216682110639,2.935350797972025,428.5108208761056,-1.5699999999999998,63.07940657528498,7.68179827587471,5.360173345306137,6.160248407637458,2.234974333040861,0.3356903161643383,-0.4227294736611369,65.09615384615384,27.4375
7092,160.172,2.1014199999999996,30.21,0.0,2.0,0.0,2.0,2.0,0.0,0.0,0.1,2.0,12.0,60.0,0.5522573011862888,2.873950478406101,468.46742834865563,-1.5699999999999998,69.44434868968159,8.55204176387779,5.7540201954234895,7.099295165750825,2.482514050089481,0.33569032002142013,-0.42272912090276565,53.94230769230769,22.583333333333332
7095,154.21199999999996,3.353600000000002,0.0,0.0,0.0,1.0,2.0,2.0,0.0,0.0,0.0,0.0,12.0,58.0,0.5905018880213778,2.457149480139045,297.4313204906765,-1.5599999999999996,72.48849732556099,8.22576835024473,5.966326495188786,7.108736857548047,3.2249464015776437,-0.018404256076149473,-0.062225394893666276,51.38461538461539,29.166666666666668
13561,170.29599999999996,3.7161000000000026,17.07,0.0,1.0,8.0,0.0,0.0,0.0,0.0,0.9090909090909091,1.0,12.0,72.0,0.5073577055441593,3.1032830489797623,95.57174002125652,-0.33,76.5501942718394,9.234204518682008,5.808060412490447,11.67,8.763720712277413,0.1324113216046135,-0.2997179089969799,49.48837209302326,38.25
5281167,100.161,1.335,20.23,1.0,1.0,3.0,0.0,0.0,0.0,0.0,0.6666666666666666,1.0,7.0,42.0,0.5304015629545965,2.7771492902446893,48.14170945007629,-0.3,44.66859231982434,5.535533905932738,3.414213562373095,6.7,5.699999999999999,0.04650213111483677,-0.39605447798452764,51.018181818181816,35.8125
7119,158.2,2.8484000000000007,9.23,0.0,1.0,1.0,2.0,2.0,0.0,0.0,0.09090909090909091,1.0,12.0,60.0,0.6196937967945625,2.6739964627615644,392.88117497912054,-1.5,71.59155499513567,8.38890505706126,5.898178147766922,7.165406427221172,2.856919875130073,0.11899937543931915,-0.4967451042617468,61.574074074074076,22.454545454545453
7122,170.21099999999998,3.0424000000000015,17.07,0.0,1.0,1.0,2.0,2.0,0.0,0.0,0.08333333333333333,1.0,13.0,64.0,0.601009735328557,2.686034663876991,457.3860595287063,-1.63,77.00447398006915,9.259148545064338,6.270856947829096,7.99058504648833,3.0175765858657577,0.15932090385725833,-0.29451181531658005,60.65384615384615,14.0
7127,178.23099999999997,2.4323000000000006,18.46,0.0,2.0,4.0,1.0,1.0,0.0,0.0,0.2727272727272727,2.0,13.0,70.0,0.6591252605281698,2.975326756105489,292.141794956603,-1.4400000000000002,78.7936011183095,9.681798275874712,6.312391710140018,9.64650519031142,4.552573360705229,0.16049803348676345,-0.49286997546186295,54.43589743589744,36.63636363636363
637776,178.23099999999997,2.736900000000001,18.46,0.0,2.0,3.0,1.0,1.0,0.0,0.0,0.2727272727272727,2.0,13.0,70.0,0.7081315785375945,3.0501204284148185,302.9586304882723,-1.44,78.7936011183095,9.681798275874712,6.312391710140019,9.64650519031142,4.552573360705229,0.16080926982391636,-0.4928695649099541,58.75,33.0
7136,206.24099999999996,2.349,35.53,0.0,3.0,4.0,1.0,1.0,0.0,0.0,0.25,3.0,15.0,80.0,0.43069398098746725,2.9705008948616527,369.130023116199,-1.7699999999999998,89.32006533274986,11.259148545064338,7.168233757796585,11.305585789871504,5.195357228632186,0.30765653479948507,-0.4928321644580266,63.94230769230769,37.6
7137,206.24099999999996,2.653600000000001,35.53,0.0,3.0,3.0,1.0,1.0,0.0,0.0,0.25,3.0,15.0,80.0,0.5630448785130105,3.027161228440452,380.45366358976963,-1.77,89.32006533274986,11.259148545064338,7.168233757796585,11.305585789871504,5.195357228632186,0.30765653774131874,-0.49282011396621794,66.79166666666667,31.5
7147,136.19399999999996,2.1300000000000003,20.23,1.0,1.0,2.0,1.0,1.0,0.0,0.0,0.3333333333333333,1.0,10.0,54.0,0.6599404909081104,2.746978188530898,181.1795714166762,-0.8200000000000001,61.32046321488279,7.397341225498538,4.842535255101096,7.288932461873639,3.3737941826863076,0.07869808075740975,-0.38843256146778943,53.95,10.5
7151,137.138,0.8681999999999999,39.19,0.0,3.0,1.0,1.0,1.0,0.0,0.0,0.14285714285714285,3.0,10.0,52.0,0.5388895828087218,2.8526279288191434,220.30753299614886,-1.38,58.65600265878732,7.397341225498538,4.842535255101096,6.7360092807424605,2.9608875695574928,0.3389216292564587,-0.46537692981558004,38.32608695652174,3.0
7165,150.177,1.8633,26.3,0.0,2.0,2.0,1.0,1.0,0.0,0.0,0.2222222222222222,2.0,11.0,58.0,0.601336802799046,2.6930079504145,228.57786591623355,-1.31,65.80129679223742,8.104448006685086,5.342535255101096,7.793199174406604,3.7604813030666033,0.3376071268080691,-0.46239132591602516,57.05882352941177,30.125
106441,152.19699999999997,1.6085999999999998,35.010000000000005,0.0,3.0,2.0,1.0,1.0,0.0,0.0,0.5,3.0,11.0,60.0,0.6453558099436449,2.9134419044437294,235.2885968045253,-1.12,66.44401276848329,8.267584713501616,5.236382105218448,7.981214574898785,3.323790748813703,0.23175096594590933,-0.4798890852890238,27.27777777777778,29.166666666666668
7194,226.275,3.086100000000002,26.3,0.0,2.0,4.0,2.0,2.0,0.0,0.0,0.13333333333333333,2.0,17.0,86.0,0.7487376691227853,1.816588225493438,462.7951975036603,-2.0899999999999994,100.85839099830149,11.924438962994,8.360173345306137,11.397026134198455,5.8484003505478315,0.33762856061783303,-0.4617433085610861,49.4,14.666666666666666
7288,86.134,1.3755,17.07,0.0,1.0,2.0,0.0,0.0,0.0,0.0,0.8,1.0,6.0,36.0,0.4957688321065222,2.9881608821342693,41.900134529890124,-0.33,38.36054158545974,4.99156383156272,2.808060412490447,5.670000000000001,2.884132762312634,0.13186152172966464,-0.2997406513908195,41.06818181818182,1.0
7302,86.09,0.3234,26.3,0.0,2.0,0.0,1.0,0.0,1.0,1.0,0.75,2.0,6.0,34.0,0.3967776605314054,2.3673518510178746,59.94833690207419,-0.53,36.103313547040784,4.405777393935816,2.893846850117352,3.6528153564899446,1.2857540807770496,0.30540984130550025,-0.4656565571727221,28.863636363636363,40.57142857142857
7335,194.27399999999997,2.850500000000001,26.3,0.0,2.0,2.0,1.0,0.0,1.0,0.0,0.5833333333333334,2.0,14.0,78.0,0.498826180944568,2.6625498456273426,276.0463166175517,-1.05,85.64364439784514,10.71517847069432,6.502907755397973,11.027220077220075,4.44700110955067,0.3027278569514598,-0.4580189932069728,27.203703703703702,32.7
3314,164.20399999999998,2.1293,29.46,1.0,2.0,3.0,1.0,1.0,0.0,0.0,0.2,2.0,12.0,64.0,0.6932796632293877,2.9595595472247798,279.16711032401867,-1.4400000000000002,72.10934752660204,8.974691494688164,5.774386907679233,8.654696969696971,3.809658461029751,0.1602603057731768,-0.5042546024667084,67.64814814814815,26.842105263157894
853433,164.20399999999998,2.4339000000000013,29.46,1.0,2.0,2.0,1.0,1.0,0.0,0.0,0.2,2.0,12.0,64.0,0.7269926580745424,3.0458289647057484,289.8900954855593,-1.44,72.10934752660202,8.974691494688164,5.774386907679233,8.654696969696971,3.809658461029751,0.16057154455054334,-0.504254343573977,68.41818181818182,39.166666666666664
7360,102.133,0.1577,29.46,1.0,2.0,1.0,1.0,0.0,1.0,1.0,1.0,2.0,7.0,42.0,0.510634486072128,2.1399633186493645,48.041843979966416,-0.08,43.10096731358964,5.112884175122364,3.4318516525781364,5.0645086705202305,2.28455463728191,0.08061179343490384,-0.3936783706517317,42.65714285714286,46.333333333333336
7361,98.10099999999998,0.7719,33.370000000000005,1.0,2.0,1.0,1.0,1.0,0.0,0.0,0.2,2.0,7.0,38.0,0.562462027989617,2.7626083414437685,120.63609436412281,-0.7600000000000001,41.38490825016642,5.112884175122364,3.431851652578137,4.40025641025641,1.7971563749580297,0.12864401421936306,-0.46690881342439633,39.6,17.818181818181817
7409,122.16699999999996,1.7399,20.23,1.0,1.0,1.0,1.0,1.0,0.0,0.0,0.25,1.0,9.0,48.0,0.6011560814583125,2.848234050597751,167.1823264341432,-0.8200000000000001,54.95552110048619,6.69023444431199,4.304530452640311,6.302249388753057,2.6460974753069504,0.07614397553191857,-0.3887122290252251,50.422222222222224,17.0
7410,120.15099999999995,1.8892,17.07,0.0,1.0,1.0,1.0,1.0,0.0,0.0,0.125,1.0,9.0,46.0,0.5170467542625542,2.981454614041131,201.06743705866424,-1.11,54.32280944833394,6.69023444431199,4.304530452640311,6.016742712294044,2.4437525520871133,0.15929849657429362,-0.2945122071568907,52.8,32.888888888888886
7463,134.22199999999998,3.118420000000002,0.0,0.0,0.0,1.0,1.0,1.0,0.0,0.0,0.4,0.0,10.0,54.0,0.5532584920101852,2.893762783606678,193.78322454351994,-0.78,62.89117157708339,7.560477932315068,4.698377302757663,7.328459869848157,2.8694839561664094,-0.02188205306744355,-0.0590419921968874,47.372549019607845,15.6
